,"PA",,".PANAMA",,,,,,,,
,"PA","ACH","Achiote","Achiote","3","--3-----","RL","1807",,"0913N 08001W",
,"PA","ACU","Achutupo","Achutupo",,"---4----","AI","9601",,,
,"PA","ABA","Agua Buena","Agua Buena","7","--3--6--","RL","1807",,"0749N 08024W",""
,"PA","ABN","Agua Buena, Tonosi","Agua Buena, Tonosi","7","--3-----","RL","1301",,"0727N 08021W",""
,"PA","AGF","Agua Fria","Agua Fria","5","--3-----","RL","1807",,"0725N 08049W",
,"PA","AGD","Aguadulce","Aguadulce",,"1-------","AI","9401",,,
,"PA","AIL","Ailigandi","Ailigandi",,"---4----","AI","0001",,,
,"PA","ALA","Alanje","Alanje","4","--3-----","RL","0401",,"0824N 08233W",
,"PA","VQR","Albrook","Albrook","8","--3-----","RL","1207",,"0858N 07934W",
,"PA","ADZ","Alcalde Díaz","Alcalde Diaz","8","--3-----","RL","1807",,"0907N 07933W",
,"PA","PAM","Almirante","Almirante",,"1-------","AI","9401",,,
,"PA","ABQ","Alto Boquete","Alto Boquete","4","--3-----","RL","1807",,"0845N 08226W",
,"PA","ADG","Altos de Güera","Altos de Guera","7","--3-----","RL","1807",,"0732N 08038W",
,"PA","AMD","Amador","Amador","9","--3-----","RL","1807",,"0904N 07954W",
,"PA","ACO","Ancon","Ancon","8","1-3-----","RL","1807",,"0858N 07933W",""
,"PA","ANT","Antón","Anton","2","--3-----","RL","1601",,"0824N 08016W",
,"PA","ARS","Arenas","Arenas","9","--3-----","RL","1807",,"0722N 08051W",
,"PA","ASA","Arenosa","Arenosa","8","--3-----","RL","1207",,"0902N 07957W",
,"PA","AMA","Arosemena","Arosemena","9","--3-----","RL","1807",,"0858N 07957W",
,"PA","ARR","Arraiján","Arraijan","8","--3-----","RL","1301",,"0857N 07939W",
,"PA","ATA","Atalaya","Atalaya","9","--3-----","RL","0507",,"0803N 08056W",
,"PA","BAC","Baco","Baco","4","--3-----","RL","1807",,"0804N 08252W",
,"PA","BAG","Bágala","Bagala","4","--3-----","RL","0501",,"0828N 08232W",
,"PA","BHP","Bahía Honda","Bahia Honda","10","--3-----","RL","1807",,"0745N 08131W",
,"PA","BHH","Bahía Honda","Bahia Honda","7","--3-----","RL","1807",,"0741N 08027W",
,"PA","PBM","Bahía Las Minas","Bahia Las Minas","3","1-------","RL","0212",,"0924N 07950W",
,"PA","BFQ","Bahía Piña","Bahia Pina","5","---4----","AI","0212",,"0734N 07812W",
,"PA","BCL","Bajo Corral","Bajo Corral","7","--3-----","RL","1807",,"0736N 08016W",
,"PA","BGA","Bajos de Güera","Bajos de Guera","7","--3-----","RL","1807",,"0733N 08037W",
,"PA","BLB","Balboa","Balboa",,"1-------","AI","9601",,,
,"PA","BNZ","Barnizal","Barnizal","10","--3-----","RL","1807",,"0825N 08046W",
,"PA","BUS","Barrios Unidos","Barrios Unidos","2","--3-----","RL","1807",,"0812N 08031W",
,"PA","BST","Bastimentos","Bastimentos","1","--3-----","RL","1807",,"0921N 08212W",
,"PA","BAY","Bayano","Bayano","7","1-3-----","RL","1807",,"0738N 08023W",""
,"PA","BJO","Bejuco","Bejuco","9","--3-----","RL","1807",,"0836N 07953W",
,"PA","BFS","Belisario Frias","Belisario Frias","8","-----6--","RL","1807",,"0904N 07929W",
,"PA","BEL","Bella Vista","Bella Vista",,"--3-----","RL","0607",,"0834N 08011W",
,"PA","BJG","Bijagual","Bijagual","4","--3-----","RL","1807",,"0831N 08221W",
,"PA","BVS","Bisvalles","Bisvalles","10","--3-----","RL","1807",,"0810N 08113W",
,"PA","BCC","Boca Chica","Boca Chica","4","1-3-----","RL","1401",,"0813N 08213W",
,"PA","BDC","Boca de Cupe","Boca de Cupe","5","--3-----","RL","1807",,"0803N 07735W",
,"PA","BDM","Boca del Monte","Boca del Monte","4","--3-----","RL","1807",,"0821N 08207W",
,"PA","BOC","Bocas del Toro","Bocas del Toro","1","1-34----","RL","0212","","0920N 08214W",
,"PA","BOQ","Boquerón","Boqueron","4","--3-----","RL","1807",,"0921N 07934W",""
,"PA","BQT","Boquete","Boquete",,"--3-----","RL","0601",,"0846N 08226W",
,"PA","BNN","Breñón","Brenon","4","--3-----","RL","1807",,"0838N 08249W",
,"PA","BJS","Brujas","Brujas","8","--3-----","RL","1807",,"0835N 07831W",
,"PA","CON","Buena Vista","Buena Vista","3","--3-----","RL","1501",,"0916N 07941W",
,"PA","BAS","Buenos Aires","Buenos Aires","9","--3-----","RL","1807",,"0838N 07957W",
,"PA","PZA","Bugaba","Bugaba","4","-----6--","RL","1301",,"0829N 08237W",""
,"PA","CBL","Caballero","Caballero","2","--3-----","RL","1807",,"0833N 08012W",
,"PA","CYA","Cabuya","Cabuya","6","--3-----","RL","1807",,"0802N 08038W",
,"PA","CBA","Cabuya","Cabuya","9","--3-----","RL","1807",,"0835N 07955W",
,"PA","CCQ","Cacique","Cacique","3","--3-----","RL","1807",,"0937N 07937W",
,"PA","CMT","Caimitillo","Caimitillo","8","--3-----","RL","1807",,"0909N 07932W",
,"PA","CAM","Caimito","Caimito","9","--3-----","RL","1807",,"0849N 07957W",""
,"PA","CLD","Caldera","Caldera","4","--3-----","RL","1807",,"0839N 08223W",
,"PA","CDE","Caledonia","Caledonia",,"---4----","AI","9601",,,
,"PA","CLA","Calidonia","Calidonia","10","--3-----","RL","1807",,"0757N 08123W",
,"PA","CLB","Calobre","Calobre","9","--3-----","RL","0401",,"0819N 08051W",
,"PA","CLV","Calovébora","Calovebora","10","--3-----","RL","1807",,"0848N 08113W",
,"PA","CMB","Cambutal","Cambutal","7","--3-----","RL","1807",,"0716N 08029W",
,"PA","CMG","Camogantí","Camoganti","5","--3-----","RL","1807",,"0808N 07753W",
,"PA","CMP","Campana","Campana","9","--3-----","RL","1807",,"0843N 07954W",
,"PA","CNS","Cañas","Canas","7","--3-----","RL","1807",,"0727N 08016W",
,"PA","CGS","Cañas Gordas","Canas Gordas","4","--3-----","RL","1807",,"0844N 08254W",
,"PA","CNV","Cañaveral","Canaveral","2","--3-----","RL","1807",,"0831N 08026W",
,"PA","CZZ","Cañazas","Canazas",,"1-3--6--","RL","0701",,"0808N 08042W",""
,"PA","CNT","Cañita","Canita","8","--3-----","RL","1807",,"0912N 07852W",
,"PA","CGO","Canta Gallo","Canta Gallo","4","--3-----","RL","1807",,"0821N 08237W",
,"PA","CDL","Canto del Llano","Canto del Llano","10","--3-----","RL","1807",,"0807N 08058W",
,"PA","CPL","Capellanía","Capellania","2","--3-----","RL","1807",,"0818N 08033W",
,"PA","CAP","Capira","Capira","9","--3-----","RL","1807",,"0845N 07953W",""
,"PA","CSA","Carlos Santana Avila","Carlos Santana Avila","10","--3-----","RL","1807",,"0806N 08050W",
,"PA","CTE","Cartí Tupile","Carti Tupile",,"---4----","AI","0212",,"0929N 07858W",
,"PA","CTV","Cativá","Cativa","3","--3-----","RL","1807",,"0921N 07950W",
,"PA","CDN","Catorce De Noviembre","Catorce De Noviembre","10","--3-----","RL","1807",,"0756N 08106W",
,"PA","CCH","Cauchero","Cauchero","1","--3-----","RL","1807",,"0909N 08216W",
,"PA","CBC","Cebaco","Cebaco","10","--3-----","RL","1807",,"0734N 08104W",
,"PA","CMO","Cermeño","Cermeno","9","--3-----","RL","1807",,"0844N 07951W",
,"PA","CZL","Cerro Azul","Cerro Azul","8","--3-----","RL","1301",,"0910N 07925W",
,"PA","CCA","Cerro de Casa","Cerro de Casa","10","--3-----","RL","1807",,"0807N 08133W",
,"PA","CLG","Cerro Largo","Cerro Largo","6","--3-----","RL","1807",,"0750N 08050W",
,"PA","CPA","Cerro Punta","Cerro Punta","4","--3-----","RL","1301",,"0851N 08234W",""
,"PA","CHM","Chame","Chame","9","--3-----","RL","1807",,"0835N 07953W",""
,"PA","CHX","Changuinola","Changuinola","1","--34----","RL","1807",,,""
,"PA","CHA","Charco Azul","Charco Azul",,"1-------","RQ","9506",,,
,"PA","CHP","Chepillo","Chepillo","8","--3-----","RL","1807",,"0822N 07850W",
,"PA","CHO","Chepo","Chepo","6","--3-----","RL","1807",,"0744N 08049W",
,"PA","CHE","Chepo","Chepo","7","--3-----","RL","0507",,"0910N 07906W",
,"PA","CHC","Chicá","Chica","9","--3-----","RL","1807",,"0840N 07956W",
,"PA","CGA","Chiguirí Arriba","Chiguiri Arriba","2","--3-----","RL","1807",,"0840N 08011W",
,"PA","CHB","Chilibre","Chilibre","1","--3-----","RL","1807",,"0910N 07937W",""
,"PA","CHI","Chilibre","Chilibre","8","--3-----","RL","1807",,"0909N 07937W",
,"PA","CHN","Chimán","Chiman","8","--3-----","RL","1807",,"0843N 07838W",
,"PA","CHQ","Chiriquí","Chiriqui","4","--3-----","RL","0212",,"0923N 08220W",
,"PA","CHG","Chiriquí Grande","Chiriqui Grande",,"1-3-----","RL","0212",,"0857N 08207W",
,"PA","CTD","Chitre","Chitre","6","1--4----","AI","1807",,"0758N 08026W",""
,"PA","CML","Chumical","Chumical","6","--3-----","RL","1807",,"0830N 08232W",
,"PA","CUP","Chupá","Chupa","7","--3-----","RL","1807",,"0748N 08035W",
,"PA","CPP","Chupampa","Chupampa","6","--3-----","RL","1807",,"0805N 08047W",
,"PA","CLS","Cirí de Los Sotos","Ciri de Los Sotos","9","--3-----","RL","1807",,"0858N 08005W",
,"PA","CRP","Cirí Grande","Ciri Grande","9","--3-----","RL","1807",,"0852N 08003W",
,"PA","CRT","Ciruelito","Ciruelito","2","--3-----","RL","0307",,"0827N 08027W",
,"PA","CCG","Cochigro","Cochigro","1","--3-----","RL","1807",,"0918N 08233W",
,"PA","CCL","Coclé","Cocle","2","--3-----","RL","1807",,"0827N 08026W",
,"PA","CCN","Coclé del Norte","Cocle del Norte","3","--3-----","RL","1807",,"0905N 08035W",
,"PA","CSO","Coco Solo","Coco Solo",,"--3-----","RQ","0002",,,
,"PA","CLI","Cocoli","Cocoli","8","--3-----","RL","1301",,"0859N 07935W",
,"PA","ONX","Colón","Colon","3","1-345---","AI","1207",,"0921N 07952W",""
,"PA","CFZ","Colón Free Zone","Colon Free Zone","3","--3-----","RL","1207",,"0921N 07954W",""
,"PA","OTD","Contadora","Contadora",,"---4----","AI","0001",,,
,"PA","CZJ","Corazón de Jesús","Corazon de Jesus","KY","---4----","AI","1307",,"0927N 07835W",""
,"PA","CZO","Corozal","Corozal",,"--3-----","RL","0601",,"0859N 07934W",
,"PA","COZ","Corozal","Corozal","10","--3-----","RL","1807",,"0805N 08126W",
,"PA","CRZ","Corozal","Corozal","7","--3-----","RL","1807",,"0745N 08029W",
,"PA","CFL","Corral Falso","Corral Falso","10","--3-----","RL","1807",,"0852N 07943W",
,"PA","CTB","Cristóbal","Cristobal","3","1-------","AI","1807",,"0921N 07954W",""
,"PA","CUC","Cucunatí","Cucunati","5","--3-----","RL","1807",,"0834N 07815W",
,"PA","CUR","Curundu","Curundu","8","--3-----","RL","1207",,"0859N 07933W",
,"PA","DAV","David","David",,"---4----","AI","9601",,,
,"PA","DIV","Divalá","Divala","4","--3-----","RL","0401",,"0825N 08243W",
,"PA","DVA","Divisa","Divisa","6","--3-----","RL","1301",,"0808N 08041W",""
,"PA","DLG","Dolega","Dolega","4","--3-----","RL","1207",,"0834N 08225W",
,"PA","DMN","Dominical","Dominical","4","--3-----","RL","1807",,"0840N 08247W",
,"PA","EDF","Edwin Fabrega","Edwin Fabrega","10","--3-----","RL","1807",,"0803N 08101W",
,"PA","ELA","El Alto","El Alto","10","-----6--","RL","1807",,"0831N 08103W",
,"PA","ELM","El Aromillo","El Aromillo","10","--3-----","RL","1807",,"0821N 08109W",
,"PA","ELB","El Barrero","El Barrero","6","--3-----","RL","1807",,"0756N 08031W",
,"PA","EBD","El Bebedero","El Bebedero","7","--3-----","RL","1807",,"0725N 08028W",
,"PA","EBG","El Bongo","El Bongo","4","--3-----","RL","1807",,"0835N 08237W",
,"PA","ECC","El Cacao","El Cacao","7","--3-----","RL","1807",,"0730N 08033W",
,"PA","ECA","El Cacao","El Cacao","9","--3-----","RL","1807",,"0846N 08001W",
,"PA","ECL","El Calabacito","El Calabacito","6","--3-----","RL","1807",,"0743N 08036W",
,"PA","ELF","El Cañafístulo","El Canafistulo","7","--3-----","RL","1807",,"0737N 08014W",
,"PA","ELC","El Cangrejo","El Cangrejo","8","--3-----","RL","1301",,"0859N 07932W",
,"PA","ELN","El Caño","El Cano","2","--3-----","RL","1807",,"0824N 08031W",
,"PA","ELP","El Capurí","El Capuri","6","--3-----","RL","1807",,"0743N 08039W",
,"PA","ELT","El Carate","El Carate","7","--3-----","RL","1807",,"0744N 08018W",
,"PA","ECD","El Cedro","El Cedro","6","--3-----","RL","1807",,"0741N 08039W",
,"PA","ECR","El Cedro","El Cedro","7","--3-----","RL","1807",,"0747N 08032W",
,"PA","ECH","El Chirú","El Chiru","2","--3-----","RL","1807",,"0824N 08012W",
,"PA","ERR","El Chorrillo","El Chorrillo","8","--3-----","RL","1807",,"0857N 07932W",
,"PA","ECI","El Cirial (Isla Iguana)","El Cirial (Isla Iguana)","7","--3-----","RL","1807",,"0737N 07959W",
,"PA","ECU","El Ciruelito","El Ciruelito","2","--3-----","RL","1701",,"0833N 08007W",
,"PA","ELO","El Cocal","El Cocal","7","--3-----","RL","1807",,"0744N 08017W",
,"PA","CCO","El Coco","El Coco","2","--3-----","RL","1807",,"0824N 08021W",
,"PA","ECO","El Coco","El Coco","9","--3-----","RL","1807",,"0852N 07948W",
,"PA","ECP","El Copé","El Cope","2","--3-----","RL","1807",,"0826N 08041W",
,"PA","ECT","El Cortezo","El Cortezo","7","--3-----","RL","1807",,"0726N 08038W",
,"PA","ECS","El Cristo","El Cristo","2","--3-----","RL","1807",,"0815N 08037W",
,"PA","DOR","El Dorado","El Dorado","8","--3--6--","RL","0501",,"0901N 07933W",
,"PA","EJO","El Ejido","El Ejido","7","--3-----","RL","1807",,"0755N 08023W",""
,"PA","EEP","El Empalme","El Empalme","1","--3-----","RL","1807",,"0925N 08231W",
,"PA","EES","El Espinal","El Espinal","7","--3-----","RL","1807",,"0752N 08021W",
,"PA","EEN","El Espino","El Espino","9","--3-----","RL","1807",,"0829N 08001W",
,"PA","EGB","El Guabo","El Guabo","3","--3-----","RL","1807",,"0905N 08005W",
,"PA","EGU","El Guásimo","El Guasimo","7","--3-----","RL","1807",,"0748N 08032W",
,"PA","EGL","El Guayabal","El Guayabal",,"--3-----","RL","0601",,"0754N 08031W",
,"PA","EHR","El Harino","El Harino","2","--3-----","RL","1807",,"0837N 08034W",
,"PA","ELH","El Higo","El Higo",,"--3-----","RL","0601",,"0829N 08213W",
,"PA","LHI","El Higo","El Higo","10","--3-----","RL","1807",,"0813N 08119W",
,"PA","EHI","El Higo","El Higo","9","--3-----","RL","1807",,"0827N 08002W",
,"PA","LLI","El Líbano","El Libano","9","--3-----","RL","1807",,"0837N 07950W",
,"PA","ELL","El Limón","El Limon","6","--3-----","RL","1807",,"0836N 08022W",
,"PA","LLL","El Llano","El Llano","10","--3-----","RL","1807",,"0916N 07941W",
,"PA","EMC","El Macano","El Macano","7","--3-----","RL","1807",,"0742N 08024W",
,"PA","EMN","El Manantial","El Manantial","7","--3-----","RL","1807",,"0747N 08015W",
,"PA","ENN","El Marañón","El Maranon","10","--3-----","RL","1807",,"0802N 08113W",
,"PA","EMR","El María","El Maria","10","--3-----","RL","1807",,"0802N 08127W",
,"PA","EMZ","El Muñoz","El Munoz","7","--3-----","RL","1807",,"0740N 08019W",
,"PA","ENO","El Nancito","El Nancito","4","--3-----","RL","1807",,"0814N 08144W",
,"PA","EPJ","El Pájaro","El Pajaro","6","--3-----","RL","1807",,"0757N 08035W",
,"PA","EPR","El Palmar","El Palmar","2","--3-----","RL","1807",,"0835N 08042W",
,"PA","EPT","El Pantano","El Pantano","10","--3-----","RL","1807",,"0833N 08104W",
,"PA","EPG","El Pedregoso","El Pedregoso","6","--3-----","RL","1807",,"0834N 08024W",
,"PA","EPD","El Pedregoso","El Pedregoso","7","--3-----","RL","1807",,"0742N 08020W",
,"PA","EPH","El Picacho","El Picacho","2","--3-----","RL","1807",,"0835N 08030W",
,"PA","EPC","El Picador","El Picador","10","--3-----","RL","1807",,"0821N 08115W",
,"PA","PVE","El Porvenir","El Porvenir","4","---4----","QQ","1807",,"0816N 08251W",""
,"PA","PRR","El Potrero","El Potrero","10","--3-----","RL","1807",,"0822N 08049W",
,"PA","PTR","El Potrero","El Potrero","2","--3-----","RL","1807",,"0831N 08032W",
,"PA","EPO","El Prado","El Prado","10","--3-----","RL","1807",,"0814N 08130W",
,"PA","EPU","El Puerto","El Puerto","4","--3-----","RL","1807",,"0721N 08054W",
,"PA","ELE","El Real","El Real",,"1--4----","AI","9601",,,
,"PA","RSM","El Real de Santa María","El Real de Santa Maria","5","--3-----","RL","1807",,"0808N 07743W",
,"PA","RNN","El Rincon","El Rincon","10","-----6--","RQ","1807",,"0810N 08131W",
,"PA","ETJ","El Tejar","El Tejar","4","--3-----","RL","1807",,"0826N 08234W",
,"PA","ETR","El Toro","El Toro","6","--3-----","RL","1807",,"0745N 08052W",
,"PA","EVL","El Valle","El Valle","2","--3-----","RL","1807",,"0836N 08008W",
,"PA","EVO","El Veladero","El Veladero","4","--3-----","RQ","1001",,"0826N 08217W",
,"PA","EDC","Entradero del Castillo","Entradero del Castillo","6","--3-----","RL","1807",,"0751N 08051W",
,"PA","ESC","Escobal","Escobal","3","--3-----","RL","1807",,"0908N 07957W",
,"PA","FEL","Felipillo","Felipillo","8","--3-----","AM","2301",,"0906N 07918W",
,"PA","FSM","Finca Santa Mónica","Finca Santa Monica",,"--3--6--","RL","0607",,"0822N 08012W",
,"PA","FLZ","Flores","Flores","7","--3-----","RL","1807",,"0729N 08024W",""
,"PA","HOW","Fort Kobbe","Fort Kobbe",,"---4----","AI","0001",,,
,"PA","FOS","Fort Sherman","Fort Sherman","8","--3-----","RL","1407",,"0921N 07957W",
,"PA","FUA","Fuerte Davis","Fuerte Davis","3","--3-----","RL","1807",,"0917N 07954W",
,"PA","GBA","Gamboa","Gamboa",,"1-------","RL","9811",,,
,"PA","GHE","Garachiné","Garachine","5","---4----","AI","1807",,"0804N 07822W",""
,"PA","GRR","Garrote","Garrote","3","--3-----","RL","1807",,"0936N 07935W",
,"PA","GTN","Gatun","Gatun",,"1-------","QQ","8103",,,
,"PA","GBE","Gobea","Gobea","3","--3-----","RL","1807",,"0910N 08014W",
,"PA","GMZ","Gómez","Gomez","4","--3-----","RL","1807",,"0834N 08244W",
,"PA","GVZ","Gonzalo Vásquez","Gonzalo Vasquez","8","--3-----","RL","1807",,"0825N 07827W",
,"PA","GBL","Guabal","Guabal","4","--3-----","RL","1807",,"0834N 08232W",
,"PA","GBT","Guabito","Guabito","1","--3-----","RL","1807",,"0929N 08236W",
,"PA","GUA","Guaca","Guaca","4","--3-----","RL","1807",,"0833N 08233W",
,"PA","GLP","Guadalupe","Guadalupe","9","--3-----","RL","1807",,"0851N 07948W",
,"PA","G8L","Gualaca","Gualaca","4","1-------","RL","1401",,"0832N 08218W",
,"PA","GRE","Guararé","Guarare","7","--3-----","RL","1807",,"0749N 08017W",
,"PA","GAR","Guararé Arriba","Guarare Arriba","7","--3-----","RL","1807",,"0749N 08022W",
,"PA","GRA","Guarumal","Guarumal","10","--3-----","RL","1807",,"0748N 08115W",
,"PA","GRL","Guarumal","Guarumal","4","--3-----","RL","1807",,"0821N 08232W",
,"PA","GYL","Guayabal","Guayabal","4","--3-----","RL","1807",,"0837N 08235W",
,"PA","GYO","Guayabito","Guayabito","9","--3-----","RL","1807",,"0832N 08000W",
,"PA","GZN","Guzmán","Guzman","2","--3-----","RL","1807",,"0831N 08035W",
,"PA","HER","Herrera","Herrera","7","1----6--","RQ","0907",,"0750N 08040W",
,"PA","HCC","Hicaco","Hicaco","10","--3-----","RL","1807",,"0739N 08112W",
,"PA","HRC","Horconcitos","Horconcitos","4","--3-----","RL","1807",,"0819N 08210W",
,"PA","ARD","Howard","Howard","8","-----6--","RL","1107",,"0855N 07936W",
,"PA","IDC","Isla de Cañas","Isla de Canas","7","--3-----","RL","1807",,"0725N 08019W",
,"PA","IGA","Isla Gobernadora","Isla Gobernadora","10","--3-----","RL","1807",,"0733N 08112W",
,"PA","IGE","Isla Grande","Isla Grande","3","--3-----","RL","1807",,"0938N 07934W",
,"PA","JQE","Jaqué","Jaque",,"---4----","AI","0212",,"0731N 07810W",
,"PA","JUY","Juay","Juay","4","--3-----","RL","1807",,"0817N 08157W",
,"PA","JFP","Justo Fidel Palacios","Justo Fidel Palacios","4","--3-----","RL","1807",,"0819N 08132W",
,"PA","LRN","La Arena","La Arena","7","--3-----","RL","0307",,"0847N 07951W",
,"PA","LAA","La Arenosa","La Arenosa","3","--3-----","RL","1301",,"0859N 08007W",""
,"PA","CAR","La Carrasquilla","La Carrasquilla",,"--3-----","RL","0201",,"0859N 07931W",
,"PA","LCR","La Carrillo","La Carrillo","10","--3-----","RL","1807",,"0758N 08053W",
,"PA","CRR","La Chorrera","La Chorrera","5","--3-----","RL","0307",,"0803N 08050W",
,"PA","LCA","La Colorada","La Colorada","10","--3-----","RL","1807",,"0801N 08059W",
,"PA","LCL","La Colorada","La Colorada","7","--3-----","RL","1807",,"0749N 08033W",
,"PA","LCO","La Concepcion","La Concepcion","4","--3-----","RL","1501",,"0831N 08237W",
,"PA","LEN","La Encantada","La Encantada","3","--3-----","RL","1807",,"0906N 08012W",
,"PA","LEA","La Enea","La Enea","7","--3-----","RL","1807",,"0750N 08016W",
,"PA","LAE","La Ensenada","La Ensenada","8","--3-----","RL","1807",,"0821N 07850W",
,"PA","LEM","La Esmeralda","La Esmeralda","8","--3-----","RL","1807",,"0816N 07855W",
,"PA","LSS","La Espigadilla","La Espigadilla","7","--3-----","RL","1807",,"0753N 08023W",
,"PA","LES","La Estrella","La Estrella","4","--3-----","RL","1807",,"0831N 08240W",
,"PA","LGA","La Garceana","La Garceana","10","--3-----","RL","1807",,"0756N 08100W",
,"PA","LGR","La Garita","La Garita","7","--3-----","RL","1807",,"0731N 08000W",
,"PA","LGL","La Gloria","La Gloria","1","--3-----","RL","1807",,"0859N 08214W",
,"PA","LGU","La Guinea","La Guinea","8","--3-----","RL","1807",,"0820N 07855W",
,"PA","LLU","La Laguna","La Laguna","10","--3-----","RL","1807",,"0820N 08044W",
,"PA","LLG","La Laguna","La Laguna","9","--3-----","RL","1807",,"0836N 08003W",
,"PA","LMS","La Mesa","La Mesa","10","--3-----","RL","1807",,"0911N 07916W",
,"PA","LME","La Mesa","La Mesa","7","--3-----","RL","1807",,"0740N 08038W",
,"PA","LAM","La Miel","La Miel","7","--3-----","RL","1807",,"0726N 08005W",
,"PA","LML","La Miel","La Miel","7","--3-----","RL","1807",,"0733N 08020W",
,"PA","LMT","La Montañuela","La Montanuela","10","--3-----","RL","1807",,"0744N 08035W",
,"PA","PLP","La Palma","La Palma","5","1--4----","AI","1807",,,""
,"PA","LPL","La Palma","La Palma","7","--3-----","RL","1807",,"0732N 08020W",
,"PA","LPA","La Pasera","La Pasera","7","--3-----","RL","1807",,"0748N 08018W",
,"PA","LPN","La Peña","La Pena","10","--3-----","RL","1807",,"0808N 08102W",
,"PA","LPT","La Pintada","La Pintada","2","--3-----","RL","1807",,"0836N 08027W",
,"PA","LRC","La Raya de Calobre","La Raya de Calobre","10","--3-----","RL","1807",,"0813N 08050W",
,"PA","LRS","La Raya de Santa María","La Raya de Santa Maria","10","--3-----","RL","1807",,"0810N 08049W",
,"PA","LDD","La Soledad","La Soledad","10","--3-----","RL","1807",,"0752N 08116W",
,"PA","LSD","La Soledad","La Soledad","10","--3-----","RL","1807",,"0808N 08059W",
,"PA","LTZ","La Tiza","La Tiza","7","--3-----","RL","1807",,"0745N 08017W",
,"PA","LTR","La Trinidad","La Trinidad","9","--3-----","RL","1807",,"0852N 08000W",
,"PA","LTO","La Tronosa","La Tronosa","7","--3-----","RL","1807",,"0726N 08035W",
,"PA","LVS","La Villa de los Santos","La Villa de los Santos","7","--3-----","RL","1807",,"0758N 08024W",
,"PA","LYE","La Yeguada","La Yeguada","10","--3-----","RL","1807",,"0827N 08052W",
,"PA","LZA","La Zanguenga","La Zanguenga","8","--3--6--","RL","1301",,"0857N 07952W",""
,"PA","LJA","Lajamina","Lajamina","7","--3-----","RL","1807",,"0735N 08008W",
,"PA","LJT","Lajas de Tolé","Lajas de Tole","4","--3-----","RL","1807",,"0810N 08141W",
,"PA","LCB","Las Cabras","Las Cabras","6","--3-----","RL","1807",,"0753N 08033W",
,"PA","LAC","Las Cruces","Las Cruces","10","--3-----","RL","1807",,"0818N 08117W",
,"PA","LCU","Las Cruces","Las Cruces","7","--3-----","RL","1807",,"0750N 08026W",
,"PA","LUM","Las Cumbres","Las Cumbres","8","--3-----","RL","1807",,"0905N 07932W",
,"PA","LDE","Las Delicias","Las Delicias","1","--3-----","RL","1807",,"0831N 07805W",
,"PA","LAG","Las Guabas","Las Guabas","7","--3-----","RL","1807",,"0749N 08029W",
,"PA","LGI","Las Guías","Las Guias","10","--3-----","RL","1807",,"0834N 08007W",
,"PA","LHU","Las Huacas","Las Huacas","10","--3-----","RL","1807",,"0754N 08108W",
,"PA","LJS","Las Lajas","Las Lajas","4","--3-----","RQ","1807",,"0815N 08152W",
,"PA","LAJ","Las Lajas","Las Lajas","9","--3-----","RL","1807",,"0833N 07956W",
,"PA","LAS","Las Lomas","Las Lomas","2","--3-----","RL","1807",,"0735N 08004W",""
,"PA","LLO","Las Lomas","Las Lomas","4","--3-----","RL","1807",,"0826N 08224W",
,"PA","LMN","Las Mañanitas","Las Mananitas","8","--3-----","RL","1807",,"0905N 07924W",
,"PA","LMG","Las Margaritas","Las Margaritas","8","--3-----","RL","1807",,"0911N 07905W",
,"PA","MNP","Las Minas","Las Minas","6","1-------","AI","1807",,,""
,"PA","LOA","Las Ollas Arriba","Las Ollas Arriba","9","--3-----","RL","1807",,"0848N 07954W",
,"PA","LAP","Las Palmas","Las Palmas","10","--3-----","RL","1807",,"0758N 08041W",
,"PA","LPS","Las Palmas","Las Palmas","7","--3-----","RL","1807",,"0741N 08030W",
,"PA","LLT","Las Palmitas","Las Palmitas","7","--3-----","RL","1807",,"0746N 08018W",
,"PA","LTB","Las Tablas","Las Tablas","2","--3-----","RL","0401",,"0746N 08017W",
,"PA","LAT","Las Trancas","Las Trancas","7","--3-----","RL","1807",,"0744N 08022W",
,"PA","LUV","Las Uvas","Las Uvas","9","--3-----","RL","1807",,"0828N 08000W",
,"PA","LYA","Las Yayas Adentro","Las Yayas Adentro","8","--3-----","RL","1301",,"0856N 07952W",
,"PA","LDC","Lídice","Lidice","9","--3-----","RL","1807",,"0845N 07954W",
,"PA","LLV","Llanito Verde","Llanito Verde","8","--3-----","RL","1501",,"0854N 07953W",
,"PA","LAB","Llano Abajo","Llano Abajo","7","--3-----","RL","1807",,"0747N 08025W",
,"PA","LCZ","Llano de la Cruz","Llano de la Cruz","6","--3-----","RL","1807",,"0758N 08039W",
,"PA","LPI","Llano de Piedra","Llano de Piedra","7","--3-----","RL","1807",,"0740N 08034W",
,"PA","LAN","Llano Grande","Llano Grande","10","--3-----","RL","1807",,"0815N 08108W",
,"PA","LGN","Llano Grande","Llano Grande","2","--3-----","RL","1807",,"0838N 08027W",
,"PA","LLA","Llano Grande","Llano Grande","6","--3-----","RL","1807",,"0758N 08042W",
,"PA","LRG","Llano Largo","Llano Largo","7","--3-----","RL","1807",,"0754N 08026W",
,"PA","LST","Llano Santo","Llano Santo","8","--3-----","RL","1607",,"0811N 08044W",
,"PA","LOL","Lolá","Lola","10","--3-----","RL","1807",,"0806N 08128W",
,"PA","LOG","Los Algarrobos","Los Algarrobos","10","--3-----","RL","1807",,"0807N 08101W",
,"PA","LAL","Los Algarrobos","Los Algarrobos","4","--3-----","RL","1807",,"0830N 08226W",
,"PA","LSA","Los Anastacios","Los Anastacios","4","--3-----","RL","1807",,"0832N 08225W",
,"PA","LGE","Los Ángeles","Los Angeles","4","--3-----","RL","1807",,"0831N 08212W",
,"PA","LCS","Los Canelos","Los Canelos","6","--3-----","RL","1601",,"0807N 08042W",
,"PA","LCT","Los Castillos","Los Castillos","10","--3-----","RL","1807",,"0801N 08107W",
,"PA","LCP","Los Cerros de Paja","Los Cerros de Paja","6","--3-----","RL","1807",,"0743N 08040W",
,"PA","LDS","Los Destiladeros","Los Destiladeros","7","--3-----","RL","1807",,"0728N 08003W",
,"PA","LHA","Los Hatillos","Los Hatillos","10","--3-----","RL","1807",,"0819N 08059W",
,"PA","LON","Los Llanitos","Los Llanitos","9","--3-----","RL","1807",,"0836N 08006W",
,"PA","LMI","Los Milagros","Los Milagros","10","--3-----","RL","1807",,"0809N 08106W",
,"PA","LNR","Los Naranjos","Los Naranjos","4","--3-----","RL","1807",,"0848N 08227W",
,"PA","LOO","Los Olivos","Los Olivos","7","--3-----","RL","1807",,"0755N 08029W",
,"PA","LSP","Los Pozos","Los Pozos","6","--3-----","RL","1807",,"0747N 08038W",
,"PA","PZB","Los Santos","Los Santos","7","-----6--","RL","1301",,"0756N 08025W",""
,"PA","LOU","Los Uveros","Los Uveros","2","--3-----","RL","1807",,"0832N 08023W",
,"PA","LVA","Los Valles","Los Valles","10","--3-----","RL","1807",,"0826N 08112W",
,"PA","MAC","Macaracas","Macaracas","7","--3-----","RL","1601",,"0744N 08033W",
,"PA","MAD","Madroño","Madrono","7","--3-----","RL","1807",,"0917N 07908W",
,"PA","MPI","Mamitupo","Mamitupo",,"---4----","QQ","8103",,,
,"PA","MIT","Manzanillo","Manzanillo",,"123-----","AI","9701",,,
,"PA","PAC","Marcos A. Gelabert International Apt/Panamá","Marcos A. Gelabert International Apt/Panama","8","---4----","AI","1101",,"0858N 07932W",""
,"PA","MCH","María Chiquita","Maria Chiquita","3","--3-----","RL","1807",,"0926N 07945W",
,"PA","MAR","Mariabé","Mariabe","7","--3-----","RL","1807",,"0735N 08004W",
,"PA","MEL","Melones","Melones","8","1-------","RL","1501",,"0848N 07936W",
,"PA","MEN","Menchaca","Menchaca","6","--3-----","RL","1807",,"0752N 08046W",
,"PA","MED","Mendoza","Mendoza","9","--3-----","RL","1807",,"0900N 07950W",
,"PA","MET","Metetí","Meteti","5","--3-----","RL","1807",,"0830N 07758W",
,"PA","MDB","Miguel de la Borda","Miguel de la Borda","3","--3-----","RL","1807",,"0909N 08019W",
,"PA","MFS","Miraflores","Miraflores",,"1-------","QQ","8103",,,
,"PA","MIA","Miramar","Miramar","3","--3-----","RL","1807",,"0935N 07920W",
,"PA","MOG","Mogollon","Mogollon","7","--3-----","RL","1807",,"0739N 08028W",
,"PA","MON","Monjarás","Monjaras","10","--3-----","RL","1807",,"0823N 08052W",
,"PA","MOL","Monte Lirio","Monte Lirio","4","--3-----","RL","1807",,"0914N 07951W",
,"PA","MNJ","Montijo","Montijo","10","--3-----","RL","1807",,"0759N 08103W",
,"PA","MPP","Mulatupo","Mulatupo",,"---4----","AI","9601",,,
,"PA","NGN","Narganá","Nargana",,"---4----","AI","0212",,"0927N 07835W",
,"PA","NDD","Nombre de Dios","Nombre de Dios","3","--3-----","RL","1807",,"0935N 07928W",
,"PA","NUA","Nuario","Nuario","7","--3-----","RL","1807",,"0732N 08019W",
,"PA","NGA","Nueva Gorgona","Nueva Gorgona","9","--3-----","RL","1807",,"0833N 07952W",""
,"PA","NPR","Nueva Providencia","Nueva Providencia","3","--3-----","RL","1807",,"0915N 07948W",
,"PA","NCH","Nuevo Chagres","Nuevo Chagres","3","--3-----","RL","1807",,"0914N 08005W",
,"PA","NEM","Nuevo Emperador","Nuevo Emperador","9","--3-----","RL","1807",,"0859N 07943W",
,"PA","NSJ","Nuevo San Juan","Nuevo San Juan","3","--3-----","RL","1301",,"0913N 07939W",
,"PA","OCU","Ocú","Ocu","5","--3-----","RL","0401",,"0757N 08047W",
,"PA","OLA","Olá","Ola","2","--3-----","RL","1807",,"0825N 08039W",
,"PA","ORI","Oria","Oria","7","--3-----","RL","1807",,"0729N 08011W",
,"PA","OTO","Otoque Occidente","Otoque Occidente","8","--3-----","RL","1807",,"0836N 07937W",
,"PA","OTQ","Otoque Oriente","Otoque Oriente","8","--3-----","RL","1807",,"0836N 07936W",
,"PA","PCO","Pacora","Pacora","4","--3-----","RL","0307",,"0825N 08149W",
,"PA","PCR","Pacora","Pacora","8","--3-----","RL","1807",,"0905N 07917W",
,"PA","PAJ","Paja de Sombrero","Paja de Sombrero","4","--3-----","RL","1807",,"0841N 08219W",
,"PA","PAL","Palenque","Palenque","3","--3-----","RL","1807",,"0912N 07941W",
,"PA","PLB","Palmas Bellas","Palmas Bellas","3","--3-----","RL","1807",,"0913N 08005W",
,"PA","PLM","Palmira","Palmira","3","--3-----","RL","1807",,"0933N 07913W",
,"PA","PMR","Palmira","Palmira","4","--3-----","RL","1807",,"0843N 08227W",
,"PA","PMA","Palmira","Palmira","7","--3-----","RL","1807",,"0740N 08021W",
,"PA","PLG","Palo Grande","Palo Grande","4","--3-----","RL","1807",,"0820N 08236W",
,"PA","PCN","Panama Canal","Panama Canal","8","--3-----","RQ","1207",,"0904N 07940W",
,"PA","PPF","Panama Pacifico","Panama Pacifico","8","--3-----","RL","1401",,"0854N 07935W",
,"PA","PTY","Panamá, Ciudad de","Panama, Ciudad de","8","1-345---","AI","0407","PAC","0858N 07932W",""
,"PA","PAI","Paraiso","Paraiso",,"1-------","QQ","8103",,,
,"PA","PRA","Paraíso","Paraiso","4","--3-----","RL","1807",,"0840N 08235W",
,"PA","PRO","Paraíso","Paraiso","7","--3-----","RL","1807",,"0741N 08010W",
,"PA","PIS","París","Paris","6","--3-----","RL","1807",,"0803N 08033W",
,"PA","PAR","Parita","Parita","6","--3-----","RL","1301",,"0800N 08031W",""
,"PA","PTL","Paritilla","Paritilla","7","--3-----","RL","1807",,"0738N 08010W",
,"PA","PLF","Parque Lefevre","Parque Lefevre","8","--3-----","RL","1807",,"0901N 07929W",
,"PA","PSG","Pásiga","Pasiga","8","--3-----","RL","1807",,"0856N 07854W",
,"PA","PYA","Paya","Paya","5","--3-----","RL","1807",,"0758N 07724W",
,"PA","PAY","Payardi","Payardi",,"1-------","QQ","8103",,,
,"PA","PDS","Pedasí","Pedasi",,"--3-----","RL","0201",,"0731N 08002W",
,"PA","PED","Pedregal","Pedregal","4","1-3-----","RL","1207",,"0822N 08226W",""
,"PA","PDL","Pedregal","Pedregal","7","--3-----","RL","1207",,"0718N 08026W",
,"PA","PDG","Pedregal","Pedregal","8","--3-----","RL","1301",,"0904N 07926W",
,"PA","PDE","Pedregal","Pedregal","8","--3-----","RL","1301",,"0831N 08003W",
,"PA","PDR","Pedregal","Pedregal","8","--3-----","RL","1207",,"0815N 07856W",
,"PA","POE","Pedro Miguel","Pedro Miguel",,"--3-----","RL","9805",,,"Car"
,"PA","PNB","Peña Blanca","Pena Blanca","7","--3-----","RL","1807",,"0743N 08017W",
,"PA","PNC","Peñas Chatas","Penas Chatas","6","--3-----","RL","1807",,"0801N 08048W",
,"PA","PEN","Penonome","Penonome","2","--3-----","RL","1301",,"0831N 08022W",
,"PA","PEL","Perales","Perales","7","-----6--","RQ","1807",,"0746N 08019W",
,"PA","PES","Pesé","Pese","6","1-3-----","RL","1401",,"0754N 08037W",
,"PA","PNA","Piña","Pina","3","--3-----","RL","1807",,"0916N 08002W",
,"PA","PGA","Pinogana","Pinogana","5","--3-----","RL","1807",,"0808N 07741W",
,"PA","PXV","Pixvae","Pixvae","10","--3-----","RL","1807",,"0749N 08134W",
,"PA","COR","Playa Coronado","Playa Coronado","8","--3-----","RL","0701",,"0831N 07953W",
,"PA","PLY","Playa Leona","Playa Leona","9","--3-----","RL","1807",,"0847N 07946W",
,"PA","PYC","Playón Chico","Playon Chico",,"---4----","AI","0212",,"0918N 07814W",
,"PA","PLZ","Plaza de Caisán","Plaza de Caisan","4","--3-----","RL","1807",,"0844N 08249W",
,"PA","PCI","Pocrí","Pocri","7","--3-----","RL","1807",,"0739N 08007W",
,"PA","PTB","Portobelillo","Portobelillo","6","--3-----","RL","1807",,"0801N 08036W",
,"PA","PBE","Portobelo","Portobelo","3","1-3-----","RL","0501",,"0933N 07939W",""
,"PA","PRS","Potrerillos","Potrerillos","4","--3-----","RL","1807",,"0820N 08056W",""
,"PA","PAB","Potrerillos Abajo","Potrerillos Abajo","4","--3-----","RL","1807",,"0839N 08229W",
,"PA","PDC","Potrero de Caña","Potrero de Cana","4","--3-----","RL","1807",,"0818N 08143W",
,"PA","POT","Potuga","Potuga","6","-----6--","RL","1201",,"0804N 08037W",
,"PA","PZC","Progreso","Progreso","4","-----6--","RL","1301",,"0827N 08250W",""
,"PA","PUC","Púcuro","Pucuro","5","--3-----","RL","1807",,"0801N 07730W",
,"PA","PVO","Pueblo Nuevo","Pueblo Nuevo","8","--3-----","RL","1207",,"0902N 07950W",
,"PA","PAE","Puerto Almirante","Puerto Almirante","1","--3-----","RL","1807",,"0917N 08224W",
,"PA","AML","Puerto Armuelles","Puerto Armuelles","4","1--4----","AI","1807",,,""
,"PA","PCA","Puerto Caimito","Puerto Caimito","9","1-3--6--","RL","1807",,"0852N 07943W",""
,"PA","PUT","Puerto Escondido","Puerto Escondido","7","--3-----","RL","1807",,"0726N 08004W",
,"PA","LIO","Puerto Limón","Puerto Limon",,"--3-----","RL","0212",,"0800N 08029W",
,"PA","MAZ","Puerto Mariato","Puerto Mariato",,"--3-----","RL","0601",,"0740N 08100W",
,"PA","PUE","Puerto Obaldía","Puerto Obaldia","KY","---4----","AI","1307",,"0840N 07725W",""
,"PA","PUP","Puerto Pilón","Puerto Pilon","3","--3-----","RL","1807",,"0921N 07947W",
,"PA","PPA","Puerto Piña","Puerto Pina","5","--3-----","RL","1807",,"0735N 07811W",
,"PA","PVL","Puerto Vidal","Puerto Vidal","10","--3-----","RL","1807",,"0803N 08136W",
,"PA","PCH","Punta Chame","Punta Chame","9","--3-----","RL","1807",,"0839N 07942W",
,"PA","PUL","Punta Laurel","Punta Laurel","1","--3-----","RL","1807",,"0908N 08208W",
,"PA","PTM","Punta Mala","Punta Mala","7","--3-----","RL","1807",,"0728N 08000W",
,"PA","PRB","Punta Róbalo","Punta Robalo","1","--3-----","RL","1807",,"0902N 08215W",
,"PA","PTG","Punta Tigre","Punta Tigre","7","--3-----","RL","1807",,"0827N 08316W",
,"PA","QDO","Quebrada de Oro","Quebrada de Oro","10","--3-----","RL","1807",,"0802N 08123W",
,"PA","QDP","Quebrada de Piedra","Quebrada de Piedra","4","--3-----","RL","1807",,"0806N 08141W",
,"PA","QDR","Quebrada del Rosario Arriba","Quebrada del Rosario Arriba","6","--3-----","RL","1807",,"0743N 08045W",
,"PA","QEC","Quebrada El Ciprián","Quebrada El Ciprian","6","--3-----","RL","1807",,"0742N 08046W",
,"PA","QUB","Quebro","Quebro","10","--3-----","RL","1807",,"0743N 08041W",
,"PA","QVL","Querévalo","Querevalo","4","--3-----","RL","1807",,"0822N 08231W",
,"PA","RBA","Rambala","Rambala","1","--3-----","RL","1401",,"0855N 08209W",
,"PA","RMT","Renacimiento","Renacimiento","4","--3-----","RL","1301",,"0849N 08251W",
,"PA","RIN","Rincón","Rincon","4","--3-----","RL","1807",,"0828N 08217W",
,"PA","RHO","Rincón Hondo","Rincon Hondo","6","--3-----","RL","1807",,"0750N 08036W",
,"PA","RLO","Rincón Largo","Rincon Largo","10","--3-----","RL","1807",,"0809N 08103W",
,"PA","RAB","Río Abajo","Rio Abajo","8","--3-----","RL","1807",,"0901N 07930W",
,"PA","RIZ","Río Azúcar","Rio Azucar","KY","---4----","AI","1307",,"0926N 07838W",""
,"PA","RCA","Rio Congo Arriba","Rio Congo Arriba","5","--3-----","RL","1807",,"0845N 07823W",
,"PA","GDE","Río Grande","Rio Grande","10","1-3--6--","RL","1807",,"0743N 08121W",""
,"PA","PGR","Río Grande","Rio Grande","2","--3--6--","RL","1807",,"0825N 08029W",""
,"PA","RHA","Río Hato","Rio Hato","2","--3-----","RL","0501",,"0832N 08010W",
,"PA","RHD","Río Hondo","Rio Hondo","7","--3-----","RL","1807",,"0743N 08021W",
,"PA","RID","Río Indio","Rio Indio","2","--3-----","RL","1807",,"0845N 08008W",
,"PA","RSO","Rio Sereno","Rio Sereno","4","--3-----","RL","1301",,"0849N 08252W",
,"PA","RSI","Río Sidra","Rio Sidra",,"---4----","AI","0212",,"0927N 07850W",
,"PA","RIT","Rio Tigre","Rio Tigre",,"---4----","AI","9601",,,
,"PA","RIO","Río Viejo de los Valdés","Rio Viejo de los Valdes",,"--3-----","RL","0601",,"0726N 08028W",
,"PA","ROD","Rodman","Rodman","8","1-------","RL","1207",,"0857N 07934W",
,"PA","RUD","Rodolfo Aguilar Delgado","Rodolfo Aguilar Delgado","4","--3-----","RL","1701",,"0835N 08208W",
,"PA","ROU","Rousseau","Rousseau","8","--3-----","RL","1301",,"0858N 07935W",
,"PA","SBT","Sabanitas","Sabanitas","3","--3-----","RL","1807",,"0920N 07948W",
,"PA","SAB","Saboga","Saboga","8","--3-----","RL","1807",,"0838N 07904W",
,"PA","SJL","Sajalices","Sajalices","8","--3-----","RL","1301",,"0841N 07952W",""
,"PA","SAJ","Sajalices","Sajalices","9","--3-----","RL","1807",,"0841N 07952W",
,"PA","SLM","Salamanca","Salamanca","3","--3-----","RL","1807",,"0920N 07936W",
,"PA","SAL","Salsipuedes","Salsipuedes","8","--3-----","RL","1207",,"0904N 07925W",
,"PA","SLD","Salud","Salud","3","--3-----","RL","1807",,"0912N 08007W",
,"PA","SAX","Sambu","Sambu","5","---4----","AI","1807",,,""
,"PA","SNA","San Andrés","San Andres","4","--3-----","RL","1807",,"0836N 08244W",
,"PA","SBA","San Bartolo","San Bartolo","10","--3-----","RL","1807",,"0813N 08116W",
,"PA","SCR","San Carlos","San Carlos","4","--3-----","RL","1807",,"0831N 08230W",
,"PA","SFX","San Félix","San Felix","4","--3-----","RL","1807",,"0817N 08152W",
,"PA","SFA","San Francisco","San Francisco","8","--3-----","RL","1807",,"0815N 08058W",""
,"PA","SJE","San José","San Jose","10","--3-----","RL","1807",,"0822N 08124W",
,"PA","SNJ","San José","San Jose","10","--3-----","RL","1807",,"0829N 08049W",
,"PA","SJO","San José","San Jose","7","--3-----","RL","1807",,"0740N 08015W",
,"PA","SJD","San José de David","San Jose de David","4","--3-----","RL","1807",,"0826N 08226W",
,"PA","SJA","San Juan","San Juan","10","--3-----","RL","1807",,"0818N 08101W",
,"PA","SJU","San Juan","San Juan","4","--3-----","RL","1807",,"0816N 08159W",
,"PA","NZO","San Lorenzo","San Lorenzo","4","--3-----","RL","0307",,"0818N 08206W",
,"PA","SNM","San Marcelo","San Marcelo","10","--3-----","RL","1807",,"0816N 08109W",
,"PA","SMT","San Martín","San Martin","8","--3-----","RL","1807",,"0912N 07915W",
,"PA","SMP","San Martin De Porres","San Martin De Porres","10","--3-----","RL","1807",,"0806N 08055W",
,"PA","NMG","San Miguel","San Miguel",,"---4----","AI","0001",,,
,"PA","SMG","San Miguelito","San Miguelito","8","--3-----","RL","1207",,"0902N 07930W",
,"PA","SPE","San Pedro del Espino","San Pedro del Espino","10","--3-----","RL","1807",,"0808N 08105W",
,"PA","SCL","Santa Clara","Santa Clara",,"1-3-----","RL","0601",,"0823N 08007W",
,"PA","SAN","Santa Clara","Santa Clara","4","--3-----","RL","1807",,"0850N 08245W",
,"PA","SCU","Santa Cruz","Santa Cruz","4","--3-----","RL","1807",,"0814N 08155W",
,"PA","SCZ","Santa Cruz","Santa Cruz","4","--3-----","RL","1807",,"0839N 08246W",
,"PA","SFE","Santa Fe","Santa Fe","10","--3-----","RL","1807",,"0831N 08105W",
,"PA","SFW","Santa Fe","Santa Fe","5","---4----","AI","1807",,"0822N 08006W",""
,"PA","SIS","Santa Isabel","Santa Isabel","3","--3-----","RL","1807",,"0932N 07911W",
,"PA","SLA","Santa Lucia","Santa Lucia","4","--3-----","RL","1807",,"0813N 08149W",
,"PA","SRA","Santa Rita","Santa Rita","2","--3-----","RL","1807",,"0830N 08011W",
,"PA","STR","Santa Rita","Santa Rita","9","--3-----","RL","1807",,"0851N 07952W",
,"PA","SNR","Santa Rosa","Santa Rosa","9","--3-----","RL","1807",,"0852N 08006W",
,"PA","SYP","Santiago","Santiago",,"---4----","AI","0001",,,
,"PA","SDM","Santo Domingo","Santo Domingo","4","--3-----","RL","1807",,"0830N 08243W",
,"PA","SDG","Santo Domingo","Santo Domingo","7","--3--6--","RL","1201",,"0745N 08015W",
,"PA","SNT","Santo Tomás","Santo Tomas","4","--3-----","RL","1807",,"0823N 08239W",
,"PA","RIH","Scarlett Martinez Intl Apt/Rio Hato","Scarlett Martinez Intl Apt/Rio Hato","2","---4----","RL","1601",,"0822N 08007W",
,"PA","STG","Setegantí","Seteganti","5","--3-----","RL","1807",,"0813N 07804W",
,"PA","S2N","Soná","Sona","10","--3-----","RL","2107",,"0801N 08119W",""
,"PA","SOR","Sorá","Sora","9","--3-----","RL","1807",,"0838N 08000W",
,"PA","STV","Sortová","Sortova","4","--3-----","RL","1807",,"0833N 08239W",
,"PA","TBO","Taboga","Taboga","8","--3-----","RL","1807",,"0848N 07933W",
,"PA","TBG","Taboguilla","Taboguilla",,"1-------","RL","0401",,"0848N 07930W",
,"PA","TMT","Taimatí","Taimati","5","--3-----","RL","1807",,"0808N 07814W",
,"PA","TJC","Ticantiquí","Ticantiqui","KY","---4----","AI","1307",,"0925N 07829W",""
,"PA","TIE","Tierra Oscura","Tierra Oscura","1","--3-----","RL","1807",,"0911N 08217W",
,"PA","TIN","Tinajas","Tinajas","4","--3-----","RL","1807",,"0833N 08227W",
,"PA","TOA","Toabré","Toabre","2","--3-----","RL","1807",,"0840N 08019W",
,"PA","TOC","Tocumen","Tocumen","8","1----6--","RL","1201",,"0905N 07923W",
,"PA","TOL","Tolé","Tole","4","--3-----","RL","1807",,"0814N 08141W",
,"PA","TON","Tonosí","Tonosi","7","--3-----","RL","0407",,"0724N 08027W",
,"PA","TNS","Tonosí","Tonosi","9","--3-----","RL","0307",,"0812N 08046W",
,"PA","TOR","Torti","Torti","8","--3-----","RQ","1807",,"0856N 07830W",""
,"PA","TOZ","Toza","Toza","2","--3-----","RL","1807",,"0821N 08039W",
,"PA","TQU","Tres Quebradas","Tres Quebradas","7","--3-----","RL","1807",,"0751N 08025W",
,"PA","TUW","Tubualá","Tubuala","KY","---4----","AI","1307",,"0931N 07902W",""
,"PA","TUC","Tucutí","Tucuti","5","--3-----","RL","1807",,"0759N 07756W",
,"PA","TUE","Tupile","Tupile",,"---4----","AI","9601",,,
,"PA","UNS","Unión Santeña","Union Santena","8","--3-----","RL","1807",,"0850N 07839W",
,"PA","URR","Urraca","Urraca","10","--3-----","RL","1807",,"0809N 08053W",
,"PA","UTU","Ustupo","Ustupo",,"---4----","AI","9601",,,
,"PA","VMT","Vacamonte","Vacamonte","5","--3-----","RL","1301",,"0911N 07854W",
,"PA","VAC","Vacamonte","Vacamonte","8","1-3-----","RL","1207",,"0852N 07940W",""
,"PA","VAA","Valle de Aguas Arriba","Valle de Aguas Arriba","1","--3-----","RL","1807",,"0914N 08222W",
,"PA","VDR","Valle del Risco","Valle del Risco","1","--3-----","RL","1807",,"0913N 08225W",
,"PA","VRO","Valle Rico","Valle Rico","7","--3-----","RL","1807",,"0737N 08021W",
,"PA","VLL","Vallerriquito","Vallerriquito","7","--3-----","RL","1807",,"0737N 08019W",
,"PA","VEL","Veladero","Veladero","4","--3-----","RL","1807",,"0814N 08139W",
,"PA","VCZ","Veracruz","Veracruz","9","--3-----","RL","1807",,"0852N 07938W",""
,"PA","VFR","Viento Frío","Viento Frio","3","--3-----","RL","1807",,"0935N 07924W",
,"PA","VIG","Viguí","Vigui","10","--3-----","RL","1807",,"0818N 08130W",
,"PA","VCA","Villa Carmen","Villa Carmen","9","--3-----","RL","1807",,"0848N 07952W",
,"PA","VIL","Villa Lourdes","Villa Lourdes","7","--3-----","RL","1807",,"0748N 08028W",
,"PA","VIR","Villa Rosario","Villa Rosario","9","--3-----","RL","1807",,"0847N 07952W",
,"PA","VIS","Vista Alegre","Vista Alegre","10","--3-----","RL","1801",,"0855N 07941W",
,"PA","VHE","Vista Hermosa","Vista Hermosa","2","--3-----","RL","1807",,"0832N 08022W",
,"PA","VOL","Volcán","Volcan","4","--3-----","RL","2001",,"0846N 08238W",
,"PA","YAP","Yape","Yape","5","--3-----","RL","1807",,"0807N 07735W",
,"PA","PYV","Yavisa","Yavisa",,"---4----","QQ","8103",,,
,"PA","ZAN","Zanguenga","Zanguenga","8","--3-----","RL","0501",,"0857N 07952W",
,"PA","ZAP","Zapotillo","Zapotillo","10","--3-----","RL","1807",,"0800N 08131W",
