,"RO",,".ROMANIA",,,,,,,,
,"RO","ABM","Abram","Abram",,"-23-----","RL","0601",,"4719N 02223E",
,"RO","ABR","Abrud","Abrud","AB","--3-----","RL","1301",,"4616N 02303E",
,"RO","ATI","Acatari","Acatari","MS","-23-----","RL","0407",,"4629N 02438E",
,"RO","ADJ","Adjud","Adjud","VN","--3-5---","RL","1607",,"4606N 02710E",
,"RO","ADC","Adunatii-Copaceni","Adunatii-Copaceni","GR","--3-----","RL","0701",,"4415N 02602E",
,"RO","AMI","Afumati","Afumati",,"--3-----","RL","0601",,"4432N 02615E",
,"RO","AGI","Agigea","Agigea","CT","1-------","RL","1101",,"4405N 02837E",""
,"RO","ATM","Aita Mare","Aita Mare","CV","--3-----","AM","2201",,"4558N 02533E",
,"RO","AID","Aiud","Aiud","AB","--3-----","RL","1707",,"4618N 02343E",
,"RO","ALI","Alba Iulia","Alba Iulia","AB","--3-----","RL","0207","QAY","4604N 02334E",
,"RO","ALB","Albesti","Albesti","MS","-23-----","RL","0407",,"4613N 02451E",
,"RO","ALD","Alesd","Alesd","BH","--3-----","RL","0207",,"4703N 02224E",
,"RO","ALX","Alexandria","Alexandria","TR","-23-----","RL","0307",,"4359N 02520E",
,"RO","ACB","Alexandru cel Bun","Alexandru cel Bun",,"--3-----","RL","0601",,"4727N 02718E",
,"RO","AMA","Almasu Mare","Almasu Mare","AB","--3-----","RL","1601",,"4606N 02308E",
,"RO","AMR","Amara","Amara","IL","--3-----","RQ","1007",,"4437N 02712E",
,"RO","AGH","Anghelesti","Anghelesti","VN","--3-----","RL","1601",,"4605N 02703E",
,"RO","APA","Apahida","Apahida","B","--3-----","RQ","0901",,,
,"RO","ARW","Arad","Arad",,"-2-4----","AI","9601",,,
,"RO","ARI","Aricestii-Rahtivani","Aricestii-Rahtivani","PH","--3-----","RL","1301",,"4457N 02550E",
,"RO","AVR","Avrig","Avrig","SB","-23--6--","RL","1301",,"4544N 02423E",""
,"RO","BBG","Babadag","Babadag","TL","-----6--","RL","1107",,"4454N 02843E",
,"RO","BCM","Bacau","Bacau",,"-2-4----","AI","9601",,,
,"RO","BAC","Bacia","Bacia","HD","--3-----","RL","1301",,"4548N 02301E",
,"RO","BCU","Baciu, Cluj","Baciu, Cluj","CJ","-23-----","RL","0407",,"4648N 02331E",
,"RO","BCO","Bacova","Bacova","TM","-23-----","RL","0501",,"4539N 02133E",
,"RO","BAQ","Baia","Baia","TL","--3-----","RL","1401",,"4443N 02840E",
,"RO","BDC","Baia de Cris","Baia de Cris","HD","--3-----","RL","1701",,"4610N 02243E",
,"RO","BDF","Baia de Fier","Baia de Fier","GJ","--3-----","RL","2001",,"4510N 02346E",
,"RO","BAY","Baia Mare","Baia Mare",,"-2-4----","AI","9401",,,
,"RO","BPH","Baicoi","Baicoi","PH","-2---6--","RL","1707",,"4502N 02551E",
,"RO","BUL","Baiculesti","Baiculesti","AG","-----6--","RQ","1007",,"4540N 02442E",
,"RO","BTD","Baile Tusnad","Baile Tusnad",,"--3-----","RQ","0607",,"4609N 02551E",
,"RO","BL3","Balaciu","Balaciu","VL","--3-----","RL","1501",,"4456N 02356E",
,"RO","BAE","Baleni","Baleni","BH","--3-----","RL","1707",,"4636N 02223E",
,"RO","BAI","Balesti","Balesti",,"--3-----","RQ","0507",,,""
,"RO","RRM","Balotesti","Balotesti","B","-23-----","RL","0401",,"4437N 02607E",
,"RO","BAL","Bals","Bals","OT","--3-----","RL","0207",,"4421N 02406E",
,"RO","BPU","Baneasa Apt/Bucuresti","Baneasa Apt/Bucuresti",,"---4----","AI","9601",,,
,"RO","BNT","Banesti","Banesti","PH","-----6--","RL","1107",,"4506N 02546E",
,"RO","BMA","Bârcea-Mare","Barcea-Mare","HD","--3-----","RL","0701",,"4549N 02258E",
,"RO","BAA","Barla","Barla","AG","-----6--","RQ","1007",,"4701N 02433E",
,"RO","BRL","Bârlad","Barlad",,"--3-----","RL","0307",,"4614N 02740E",
,"RO","BRS","Barsana","Barsana","MM","--3-----","RL","2001",,"4748N 02403E",
,"RO","BAR","Barticesti","Barticesti",,"--3-----","RL","0201",,"4703N 02646E",
,"RO","BAB","Basarabi","Basarabi",,"1-------","AC","1101",,"4410N 02822E",""
,"RO","BAS","Bascov","Bascov","AG","--3-----","RL","1301",,"4453N 02449E",""
,"RO","MBT","Batos","Batos","MS","--3-----","RL","1207",,"4653N 02440E",
,"RO","BZI","Bazias","Bazias","CS","1-3-----","RL","0507",,"4448N 02123E",
,"RO","BCT","Bechet","Bechet","DJ","1-3-----","RL","0507",,"4346N 02356E",
,"RO","BUM","Becicherecu Mic","Becicherecu Mic",,"-23-----","RL","0601",,"4550N 02103E",
,"RO","BCN","Beclean","Beclean","HR","123-----","RL","1101",,"4619N 02518E",""
,"RO","BEI","Beius","Beius","BH","--3-----","RL","1307",,"4640N 02221E",
,"RO","GBC","Belciugatele","Belciugatele","CL","--3-----","RL","1607",,"4429N 02626E",
,"RO","BRC","Berca","Berca","BZ","-23-----","RL","1101",,"4517N 02641E",""
,"RO","BEZ","Bezdead","Bezdead","DB","1----6--","RL","1201",,"4509N 02531E",
,"RO","BCD","Bicsad","Bicsad","CV","--3-----","AM","2101",,"4606N 02552E",
,"RO","BR5","Biharea","Biharea","BH","--3-----","RL","1607",,"4709N 02155E",
,"RO","BIT","Bistrita","Bistrita",,"-2------","AC","8309",,,
,"RO","BLA","Blaj","Blaj","AB","-23-----","RL","0407",,"4611N 02355E",
,"RO","BJE","Blejesti","Blejesti","TR","--3-----","RL","1301",,"4417N 02528E",""
,"RO","BLJ","Blejoi","Blejoi","PH","-23-----","RL","0407",,"4459N 02600E",
,"RO","BBI","Boboiesti","Boboiesti","GJ","--3-----","AM","2107",,"4456N 02257E",
,"RO","BOB","Bobota","Bobota",,"-23-----","RL","0601",,,
,"RO","BOC","Bocsa","Bocsa","CS","-23-----","RL","0407",,"4600N 02301E",
,"RO","BDI","Bodesti","Bodesti",,"--3-----","RL","0601",,"4702N 02625E",
,"RO","BLT","Boldesti-Scaeni","Boldesti-Scaeni","PH","--3-----","RL","0701",,"4502N 02601E",
,"RO","BOL","Bolintin Deal","Bolintin Deal","GR","--3--6--","RQ","1007",,"4427N 02549E",
,"RO","BOV","Bolintin Vale","Bolintin Vale",,"--3-----","RL","0601",,"4427N 02546E",
,"RO","BCA","Borca","Borca","NT","--3-----","RL","0407",,"4711N 02546E",
,"RO","BCE","Borcea","Borcea","CL","--3-----","RL","1701",,"4420N 02745E",
,"RO","BOR","Bors","Bors","BH","--3-----","AC","1207",,"4707N 02149E",""
,"RO","BOA","Borsa","Borsa","MM","-23-----","RL","0407",,"4739N 02440E",
,"RO","BSC","Borsec","Borsec","HR","--3-----","RL","0501",,"4657N 02534E",
,"RO","BOI","Bosanci","Bosanci","SV","--3-----","RL","1801",,"4735N 02619E",
,"RO","BTZ","Botiz","Botiz","SM","--3-----","RL","1601",,"4750N 02257E",
,"RO","BOT","Botiza","Botiza","MM","--3-----","RL","1501",,"4740N 02409E",
,"RO","BOS","Botosani","Botosani",,"-2------","AC","8309",,,
,"RO","BOZ","Bozovici","Bozovici","CS","--3-----","RL","0207",,"4455N 02159E",
,"RO","BRB","Brad","Brad","BC","--3-----","RL","1701",,"4641N 02652E",
,"RO","BRD","Brad, Hunedoara","Brad, Hunedoara","HD","-23-----","RL","0407",,"4607N 02247E",
,"RO","BDU","Bragadiru, Ilfov","Bragadiru, Ilfov",,"--3-----","RL","0501",,"4422N 02558E",
,"RO","BRA","Braila","Braila","BR","-23----B","AC","1101",,"4516N 02759E",""
,"RO","BTS","Branesti","Branesti","IF","--3-----","RL","1501",,"4427N 02620E",""
,"RO","BRV","Brasov","Brasov",,"-2------","AC","8309",,,
,"RO","BRT","Bratca","Bratca",,"-23-----","RL","0601",,"4656N 02235E",
,"RO","BII","Brazii","Brazii","AR","--3-----","RQ","1101",,,""
,"RO","PHV","Brazii de Sus","Brazii de Sus","PH","--3-----","RL","1707",,"4452N 02601E",
,"RO","BZA","Breaza, Prahova","Breaza, Prahova","PH","-23-----","RL","0407",,"4511N 02540E",
,"RO","BRE","Brebu","Brebu",,"-23-----","RL","0601",,"4525N 02159E",
,"RO","BUC","Buces","Buces","HD","--3-----","RL","1301",,"4611N 02256E",""
"=","RO","","Bucharest = Bucuresti","Bucharest = Bucuresti","",,"",,"","",""
,"RO","BCV","Bucov","Bucov","PH","--3-----","RQ","1001",,,
,"RO","BUH","Bucuresti","Bucuresti",,"-2345---","AC","9506",,,
,"RO","BUV","Bucuresti 50 Vama","Bucuresti 50 Vama",,"----5---","AC","8309",,,
,"RO","BUB","Bucuresti Basarab","Bucuresti Basarab",,"-2------","AC","8309",,,
,"RO","BUI","Bucuresti Intrepozite","Bucuresti Intrepozite",,"-2------","AC","8309",,,
,"RO","BUN","Bucuresti Nord","Bucuresti Nord",,"-2--5---","AC","8309",,,
,"RO","BBU","Bucuresti-Baneasa Apt","Bucuresti-Baneasa Apt",,"---4----","AI","9601",,,
,"RO","BUD","Budesti, Calarasi","Budesti, Calarasi",,"-23-----","RL","0601",,"4414N 02628E",
,"RO","BDH","Buduhala","Buduhala","GJ","--3-----","RL","1807",,"4459N 02308E",
,"RO","BUF","Buftea","Buftea","B","--3-----","RL","0212",,"4434N 02557E",
,"RO","GJJ","Bumbesti-Jiu","Bumbesti-Jiu","GJ","-----6--","RL","1407",,"4510N 02324E",
,"RO","BUS","Busteni","Busteni","PH","--3-----","RL","1307",,"4524N 02532E",
,"RO","BBT","Butimanu","Butimanu","DB","--3-----","RL","1601",,"4441N 02554E",
,"RO","BUZ","Buzau","Buzau",,"-2------","AC","8309",,,
,"RO","BZS","Buzias","Buzias",,"-23-----","RL","0601",,"4539N 02137E",
,"RO","CAF","Calafat","Calafat","DJ","123----B","AC","1101",,"4359N 02256E",""
,"RO","CAS","Calarasi","Calarasi","CL","1------B","AC","1101",,"4412N 02720E",""
,"RO","CAL","Caldararu","Caldararu","AG","-----6--","RL","1007",,"4427N 02457E",
,"RO","CAA","Calina","Calina","VL","--3-----","RL","1801",,"4443N 02415E",
,"RO","CLS","Calinesti","Calinesti","AG","--3-----","RL","1301",,"4449N 02502E",
,"RO","CFI","Calomfiresti","Calomfiresti","TR","-----6--","RL","1007",,"4355N 02521E",
,"RO","CPI","Campeni","Campeni",,"--3-----","RL","0501",,"4622N 02303E",
,"RO","CTI","Campia Turzii","Campia Turzii",,"--3-----","RL","0501",,"4633N 02353E",
,"RO","CAM","Câmpina","Campina","PH","-23-----","RL","0407",,"4508N 02544E",
,"RO","CMP","Câmpulung Moldovenesc","Campulung Moldovenesc","SV","--3-5---","RL","1607",,"4732N 02534E",
,"RO","RZD","Campulung Muscel","Campulung Muscel",,"-----6--","RL","0901",,"4516N 02502E",
,"RO","CRR","Cap Rosu","Cap Rosu","PH","--3-----","RL","1607",,"4503N 02547E",
,"RO","CCL","Caracal","Caracal",,"--3-----","RQ","0607",,"4407N 02421E",
,"RO","CSB","Caransebes","Caransebes",,"---4----","AI","9601",,,
,"RO","CCA","Carcea","Carcea",,"-23-----","RL","0601",,"4416N 02354E",
,"RO","CAR","Carei","Carei",,"-2------","AC","8309",,,
,"RO","CAT","Catanele","Catanele","AG","--3-----","RL","1707",,"4448N 02500E",
,"RO","CAC","Catcau","Catcau","CJ","--3-----","AM","2007",,"4715N 02345E",
,"RO","CTC","Cateasca","Cateasca","AG","--3-----","RL","1701",,"4446N 02505E",
,"RO","CAV","Cavadinesti","Cavadinesti","GL","--3-----","RL","1301",,"4604N 02801E",
,"RO","PTR","Cepturasu","Cepturasu","BZ","--3-----","RL","1101",,"4518N 02614E",""
,"RO","CRU","Cerasu","Cerasu","PH","--3-----","RL","1101",,"4519N 02602E",""
,"RO","CEV","Cernavoda","Cernavoda","IL","1------B","AC","1101",,"4421N 02801E",""
,"RO","CER","Cernica","Cernica","B","--3-----","RL","1101",,"4425N 02617E",""
,"RO","CJA","Chiajna","Chiajna",,"-23-----","RL","0601",,"4428N 02558E",
,"RO","CHL","Chilia Veche","Chilia Veche","TL","1-------","RQ","0907",,"4542N 02928E",
,"RO","CHM","Chimindia","Chimindia",,"--3-----","RL","0901",,"4554N 02300E",
,"RO","CNO","Chirnogi","Chirnogi",,"--3-----","RQ","0607",,"4407N 02635E",
,"RO","CHN","Chiscani","Chiscani","BR","1----6--","RQ","1007",,"4511N 02756E",
,"RO","CHI","Chiselet","Chiselet","CL","--3-----","RL","0701",,"4410N 02650E",
,"RO","CSO","Chisoda","Chisoda","TM","--3-----","RL","0701",,"4542N 02113E",
,"RO","CTA","Chitila","Chitila","B","-23-----","RL","0407",,"4430N 02558E",
,"RO","RMV","Ciacova","Ciacova","TM","--3-----","RL","1601",,"4530N 02107E",
,"RO","CNC","Cîlnic, Gorj","Cilnic, Gorj","GJ","--3-----","RL","0407",,"4557N 02304E",
,"RO","CPT","Cimpenita","Cimpenita","MS","--3-----","RL","1801",,"4639N 02429E",
,"RO","CLG","Cîmpulung","Cimpulung","AG","-23-----","RL","0407",,"4516N 02503E",
,"RO","CPG","Cîmpulung la Tisa","Cimpulung la Tisa","MM","--3-----","RL","0212",,"4759N 02354E",
,"RO","CBV","Cincsor","Cincsor","BV","--3-----","RL","1607",,"4550N 02449E",
,"RO","CIO","Ciorogârla","Ciorogarla","IF","--3-----","RL","1707",,"4426N 02553E",
,"RO","CUR","Ciucurova","Ciucurova","TL","--3-----","RL","1607",,"4456N 02829E",
,"RO","CIU","Ciumani","Ciumani","HD","-----6--","RQ","1007",,"4641N 02531E",
,"RO","CBD","Ciumbrud","Ciumbrud","AB","--3-----","RL","1607",,"4618N 02346E",
,"RO","CCI","Clinceni","Clinceni","B","--3-----","RL","0507",,"4422N 02557E",
,"RO","CLJ","Cluj-Napoca","Cluj-Napoca",,"-2-4----","AI","0212",,"4646N 02336E",
,"RO","CCP","Cocorastii-Capli","Cocorastii-Capli","PH","--3--6--","RL","1007",,"4504N 02545E",
,"RO","CLA","Codlea","Codlea","BV","-23-----","RL","0407",,"4542N 02527E",
,"RO","CBI","Colibasi","Colibasi","AG","--3-----","RL","0207",,"4456N 02454E",
,"RO","CLO","Colonia","Colonia","CJ","--3-----","RL","2001",,"4635N 02400E",
,"RO","COM","Comanesti","Comanesti",,"--3-----","RL","0501",,"4625N 02626E",
,"RO","CRC","Comarnic","Comarnic","PH","-23-----","RL","2001",,"4515N 02538E",
,"RO","CNM","Comisani","Comisani","DB","1----6--","RL","1107",,,
,"RO","COA","Comuna Cincu","Comuna Cincu","B","--3-----","RQ","0901",,"4555N 02448E",
,"RO","CVO","Comuna Voineasa","Comuna Voineasa","VL","--3-----","RL","0901",,"4417N 02408E",
,"RO","CND","Constanta","Constanta","CT","1234-6--","AI","1101",,"4411N 02839E",""
,"RO","COB","Corabia","Corabia","OT","1------B","AC","1101",,"4346N 02430E",""
,"RO","CRB","Corbeanca","Corbeanca",,"--3-----","RL","0307",,"4436N 02603E",
,"RO","CCV","Corcova","Corcova","MH","--3--6--","RL","1107",,,
,"RO","CNI","Cornesti","Cornesti","MM","--3-----","AM","2107",,"4749N 02358E",
,"RO","CNU","Cornetu, Ilfov","Cornetu, Ilfov",,"--3-----","RL","0407",,"4420N 02556E",
,"RO","CSU","Cornu de Sus","Cornu de Sus","PH","--3-----","RL","1801",,"4450N 02615E",
,"RO","CLU","Cornu Luncii","Cornu Luncii","SV","--3-----","RL","0701",,"4728N 02608E",
,"RO","COR","Corunca","Corunca","MS","--3-----","RL","0901",,"4631N 02437E",
,"RO","COS","Cosoveni","Cosoveni",,"-----6--","RL","1107",,"4415N 02356E",
,"RO","CSS","Costisa","Costisa","NT","--3-----","RL","1101",,"4645N 02639E",""
,"RO","COV","Covasna","Covasna","CV","--3-----","RL","0407",,"4551N 02611E",
,"RO","CRA","Craiova","Craiova",,"-2-4----","AI","9601",,,
,"RO","CRV","Craiova","Craiova","DJ","--3-----","RQ","0901",,"4419N 02348E",
,"RO","CRP","Crâmpoia","Crampoia","OT","--3-----","RL","1307",,"4418N 02445E",
,"RO","CR8","Crângurile","Crangurile","DB","--3-----","RL","1607",,"4444N 02515E",
,"RO","CVA","Crevedia","Crevedia","DB","-----6--","RQ","1007",,"4436N 02556W",
,"RO","CRI","Criseni","Criseni",,"-23-----","RL","0601",,"4714N 02303E",
,"RO","CRT","Cristian","Cristian","BV","--3-----","RL","0901",,"4537N 02528E",
,"RO","CTS","Cristuru Secuiesc","Cristuru Secuiesc","HR","1----6--","RL","1107",,"4617N 02502E",
,"RO","C5M","Cumpana","Cumpana","CT","--3-----","RL","1801",,"4406N 02833E",
,"RO","CNT","Cunta","Cunta","AB","--3-----","RL","1207",,"4555N 02344E",
,"RO","CDA","Curtea de Arges","Curtea de Arges","AG","--3-----","RL","1301",,"4508N 02441E",""
,"RO","CUT","Curtici","Curtici",,"-2------","AC","8309",,,
,"RO","DBI","Darabani","Darabani","BT","--3-----","AM","2207",,"4811N 02635E",
,"RO","DRS","Darasti","Darasti",,"--3-----","RL","0901",,"4419N 02601E",
,"RO","JDM","Darmanesti","Darmanesti","DB","--3-----","RL","1301",,"4455N 02547E",
,"RO","DCU","Dascalu","Dascalu","B","--3-----","RL","0407",,"4436N 02614E",
,"RO","FLO","Dealu Floreni","Dealu Floreni",,"-23-----","RL","0601",,"4721N 02515E",
,"RO","DEJ","Dej","Dej","CJ","--3-----","RL","0407",,"4709N 02352E",
,"RO","DVA","Deva","Deva","HD","---4----","AI","1101",,"4553N 02254E",""
,"RO","DVS","Deveselu","Deveselu","OT","-----6--","RL","1407",,"4404N 02423E",
,"RO","DIM","Dîmbovita","Dimbovita","DB","--3-----","RL","0212",,"4525N 02512E",
,"RO","DIN","Dinkelsbühl","Dinkelsbuhl","B","--3-----","RQ","0901",,,
,"RO","DRI","Ditrau","Ditrau","HR","-----6--","RL","1201",,"4649N 02531E",
,"RO","DBA","Dobrana","Dobrana","GJ","--3-----","RL","0407",,"4503N 02339E",
,"RO","DOB","Dobresti","Dobresti","BH","--3-----","AM","2007",,"4651N 02216E",
,"RO","BDO","Dobroesti","Dobroesti","B","--3-----","RL","1301",,"4427N 02611E",
,"RO","DOI","Doicesti","Doicesti","DB","--3-----","RL","1101",,"4459N 02524E",""
,"RO","DMA","Domasnea","Domasnea","CS","--3-----","RL","1707",,"4505N 02219E",
,"RO","BDM","Domnesti","Domnesti","IF","--3-----","RL","1707",,"4424N 02555E",""
,"RO","DCD","Dorna Cândrenilor","Dorna Candrenilor",,"-234----","RL","0601",,"4721N 02515E",
,"RO","DOR","Dornesti","Dornesti",,"-2------","AC","8309",,,
,"RO","DHO","Dorohoi","Dorohoi",,"--3-----","RL","0307",,"4757N 02624E",
,"RO","DGA","Dragalina","Dragalina","CL","--3-----","RL","1701",,"4426N 02719E",
,"RO","DGV","Draganesti-Vlasca","Draganesti-Vlasca","B","--3-----","RQ","0901",,,
,"RO","DSI","Dragasani","Dragasani","VL","-23-----","RL","0501",,"4439N 02416E",
,"RO","DDL","Dragomiresti-Deal","Dragomiresti-Deal","B","-----6--","RL","1007",,"4428N 02557E",
,"RO","VDG","Dragomiresti-Vale","Dragomiresti-Vale","B","-----6--","RL","1007",,"4428N 02556E",
,"RO","RZZ","Drajna de Jos","Drajna de Jos","PH","-----6--","RL","0901",,"4513N 02603E",
,"RO","DRB","Drambar","Drambar","AB","--3-----","AM","2107",,"4605N 02338E",
,"RO","DTS","Drobeta-Turnu Severin","Drobeta-Turnu Severin","MH","12-----B","AC","1101",,"4438N 02239E",""
,"RO","DCI","Dulcesti, Neamt","Dulcesti, Neamt",,"--3-----","RL","0601",,"4658N 02646E",
,"RO","DUM","Dumbrava Rosie","Dumbrava Rosie","NT","--3-----","RL","1301",,"4653N 02626E",
,"RO","DBR","Dumbraveni, Sibiu","Dumbraveni, Sibiu","SB","-23-----","RL","0407",,"4614N 02434E",
,"RO","DVI","Dumbravita, Timis","Dumbravita, Timis","TM","--3-----","RL","0407",,"4801N 02627E",
,"RO","EFS","Eforie Sud","Eforie Sud","CT","1----6--","RL","1007",,"4403N 02838E",
,"RO","EPB","Episcopia Bihorului","Episcopia Bihorului",,"-2------","AC","0212",,"4706N 02154E",
,"RO","ERN","Ernei","Ernei","MS","--3-----","RL","1207",,"4636N 02439E",
,"RO","FGA","Fagaras","Fagaras",,"-23-----","RL","0601",,"4951N 02459E",
,"RO","SHA","Faget","Faget","DJ","--3-----","RL","1601",,"4420N 02336E",
,"RO","FAC","Falciu","Falciu",,"-2------","AC","8309",,,
,"RO","FAL","Falticeni","Falticeni","SV","--3-----","RL","0501",,"4727N 02618E",
,"RO","FDA","Feldioara","Feldioara","BV","--3-----","AM","2201",,"4549N 02536E",
,"RO","FET","Fetesti","Fetesti","IL","1-3-----","RL","1101",,"4423N 02750E",""
,"RO","FEI","Fieni","Fieni","DB","-23-----","RL","0407",,"4508N 02525E",
,"RO","FIL","Filiasi","Filiasi","DJ","--3-5---","RL","1607",,"4433N 02331E",
,"RO","FDP","Filipestii de Padure","Filipestii de Padure","PH","-23-----","RL","0407",,"4500N 02545E",
,"RO","FTA","Finta","Finta","DB","--3-----","AM","2107",,"4449N 02548E",
,"RO","4ZM","Fintesti","Fintesti","BZ","--3-----","RL","1607",,"4506N 02628E",
,"RO","FRT","Floresti","Floresti",,"--3-----","RL","0307",,"4503N 02547E",
,"RO","FOS","Focsani","Focsani",,"-2------","AC","8309",,,
,"RO","FTE","Frecatei","Frecatei",,"1----6--","RL","1107",,,
,"RO","FMU","Frumusani","Frumusani","CL","--3-----","RL","0407",,"4417N 02619E",
,"RO","RZE","Fundulea","Fundulea","CL","-----6--","RL","0901",,"4428N 02631E",
,"RO","FUA","Fusea","Fusea","DB","--3-----","AM","2101",,"4440N 02531E",
,"RO","GAE","Gaesti","Gaesti","DB","-23-----","RL","0212",,"4443N 02519E",
,"RO","GAI","Gainesti","Gainesti","SV","--3-----","RL","2001",,"4725N 02555E",
,"RO","GTI","Galanesti","Galanesti","SV","-23-----","RL","1501",,"4755N 02548E",
,"RO","GAL","Galati","Galati","GL","1------B","AC","1101",,"4526N 02803E",""
,"RO","GAT","Galati Transbordare","Galati Transbordare",,"-2------","AC","8309",,,
,"RO","GNI","Ganesti","Ganesti","MS","--3-----","RL","0501",,"4620N 02420E",
,"RO","GAR","Garcina","Garcina","BV","--3-----","RL","1301",,"4537N 02542E",
,"RO","GMA","Gârla-Mare","Garla-Mare","MH","--3-----","RL","1101",,"4412N 02246E",""
,"RO","GAV","Gavojdia","Gavojdia","TM","--3-----","RL","0701",,"4537N 02201E",
,"RO","GDS","Geoagiu","Geoagiu",,"--3-----","RL","0601",,"4555N 02311E",
,"RO","GEO","Geomal","Geomal","AB","--3-----","RL","2001",,"4616N 02337E",
,"RO","GGH","Gheorgheni","Gheorgheni","HR","--3-----","RL","0507",,"4643N 02537E",
,"RO","GEI","Gheraesti","Gheraesti","NT","--3-----","RL","0501",,"4701N 02649E",
,"RO","GHL","Gherla","Gherla",,"--3--6--","RQ","0607",,"4701N 02354E",
,"RO","GHM","Gherta Mare","Gherta Mare",,"--3-----","RL","0601",,"4758N 02313E",
,"RO","GHV","Ghimbav","Ghimbav","BV","--3-----","RL","1101",,"4540N 02530E",""
,"RO","GRD","Ghiroda","Ghiroda","TM","--3-----","RL","0701",,"4547N 02117E",
,"RO","JMV","Giarmata","Giarmata","TM","--3-----","RL","1501",,"4550N 02118E",
,"RO","GIL","Gilau","Gilau",,"--3-----","RL","0501",,"4645N 02323E",
,"RO","GIU","Giubega","Giubega",,"--3-----","RQ","0607",,"4408N 02325E",
,"RO","GLE","Giulesti","Giulesti","SV","--3-----","RL","0701",,"4721N 02623E",
,"RO","GRG","Giurgiu","Giurgiu","GR","1------B","AC","1101",,"4353N 02557E",""
,"RO","GRN","Giurgiu Nord","Giurgiu Nord",,"-2------","AC","8309",,,
,"RO","GLN","Glina","Glina","B","--3--6--","RQ","1007",,"4423N 02615E",
,"RO","GLO","Glogova","Glogova","GJ","--3-----","RQ","0907",,"4455N 02254E",
,"RO","GRB","Gorban","Gorban","IS","--3-----","AM","2007",,"4652N 02804E",
,"RO","GNU","Grindu","Grindu","IL","--3-----","AM","2101",,"4446N 02655E",
,"RO","GTB","Grosii Tiblesului","Grosii Tiblesului","MM","--3-----","AM","2107",,"4729N 02404E",
,"RO","GRA","Gruia","Gruia","MH","--3-----","RL","0507",,"4416N 02242E",
,"RO","GUU","Gruiu","Gruiu","B","1----6--","RL","1107",,"4444N 02614E",
,"RO","GMZ","Grumazesti","Grumazesti",,"--3-----","RL","0601",,"4708N 02622E",
,"RO","GCN","Gura Cîlnaului","Gura Cilnaului","BZ","--3-----","RL","1407",,"4511N 02650E",
,"RO","GHI","Gura Humorului","Gura Humorului","SV","-23-----","AM","2201",,"4733N 02554E",
,"RO","GVD","Gura Vadului","Gura Vadului","PH","--3-----","RL","1101",,"4503N 02628E",""
,"RO","GHO","Gurahont","Gurahont","AR","--3-----","AM","2107",,"4616N 02221E",
,"RO","GRI","Gurani","Gurani","BH","--3-----","RL","1801",,"4636N 02233E",
,"RO","HAU","Halchiu","Halchiu","BV","1----6--","RQ","1007",,"4546N 02533E",
,"RO","HAL","Halmeu","Halmeu",,"-23-----","AC","8309",,,
,"RO","HGU","Hangu","Hangu","NT","--3-----","RL","0501",,"4703N 02602E",
,"RO","HAR","Harau","Harau","HD","--3-----","RL","1301",,"4554N 02257E",
,"RO","HA3","Harghita-Bai","Harghita-Bai","HR","-----6--","RL","1201",,"4621N 02548E",
,"RO","RVA","Hârsova","Harsova","CT","1-3-----","RL","0507",,"4441N 02757E",
,"RO","HTG","Hateg, Hunedoara","Hateg, Hunedoara","HD","-23-----","RL","0407",,"4537N 02257E",
,"RO","HID","Hida","Hida","SJ","--3-----","RL","0207",,"4703N 02318E",
,"RO","HDS","Hidiselu de Sus","Hidiselu de Sus","BH","--3-----","RL","1807",,"4657N 02203E",
,"RO","HTI","Hintesti","Hintesti",,"--3-----","RL","0601",,"4449N 02450E",
,"RO","HDC","Hodac","Hodac","MS","1----6--","RL","1107",,"4646N 02455E",
,"RO","RZF","Hodosa","Hodosa","MS","-----6--","RL","0901",,"4638N 02449E",
,"RO","HOZ","Hoghiz","Hoghiz","BV","--3-----","RL","1601",,"4559N 02518E",
,"RO","HOR","Horezu","Horezu","GJ","--3-5---","RL","1607",,"4509N 02318E",
,"RO","RZG","Huedin","Huedin","CJ","-----6--","RL","0901",,"4652N 02303E",
,"RO","HUN","Hunedoara","Hunedoara","HD","--3-----","RL","0212",,"4545N 02254E",
,"RO","RZH","Husi","Husi","VS","-----6--","RL","0901",,"4640N 02803E",
,"RO","IMA","Ialomica, Judecul","Ialomica, Judecul","IL","-23-----","RL","0401",,"4440N 02700E",
,"RO","RZI","Ianca","Ianca","BR","-----6--","RL","0901",,"4508N 02727E",
,"RO","IAS","Iasi","Iasi","IS","-234----","AI","0907",,"4710N 02736E",""
,"RO","ILF","Ilfoveni","Ilfoveni","DB","--3-----","RL","1707",,"4449N 02534E",""
,"RO","IVM","Ilva Mica","Ilva Mica","BN","--3-----","RL","1607",,"4719N 02440E",
,"RO","IBZ","Intorsura Buzaului","Intorsura Buzaului","CV","--3-----","RL","1607",,"4541N 02602E",
,"RO","ISC","Isaccea","Isaccea","TL","1-3-----","RL","0907",,"4516N 02828E",
,"RO","IVE","Ivesti, Galati","Ivesti, Galati",,"-23-----","RL","0601",,"4540N 02731E",
,"RO","IZB","Izbiceni","Izbiceni",,"--3-----","RL","0601",,"4349N 02440E",
,"RO","IZV","Izvin","Izvin","TM","-23-----","RL","1407",,"4548N 02127E",
,"RO","JRT","Jaristea","Jaristea","VN","1----6--","RL","1201",,"4547N 02704E",
,"RO","JB9","Jibou","Jibou","SJ","--3-----","RL","1607",,"4716N 02315E",
,"RO","JDV","Jidveiu","Jidveiu","AB","--3-----","RL","1301",,"4613N 02406E",
,"RO","JVA","Jilava","Jilava","B","--3-----","RL","0407",,"4419N 02604E",
,"RO","JIL","Jimbolia","Jimbolia",,"-23-----","AC","8309",,,
,"RO","JOI","Joita","Joita","GR","--3-----","RL","1501",,"4429N 02551E",
,"RO","RZK","Jucu-Herghelia","Jucu-Herghelia","CJ","-----6--","RL","0901",,"4651N 02348E",
,"RO","JUD","Jud. Maramures","Jud. Maramures",,"--3-----","RQ","0201",,,
,"RO","KRA","Krasna","Krasna",,"--3-----","RQ","1001",,"4808N 02209E",
,"RO","SLL","Lalosu","Lalosu","VL","--3-----","RL","1607",,"4433N 02401E",
,"RO","LRM","Lancram","Lancram",,"-23-----","RL","0601",,"4559N 02333E",
,"RO","LAS","Lasi","Lasi","B","--3-----","RQ","1101",,,""
,"RO","ZUI","Lazuri","Lazuri","DB","1----6--","RL","1107",,,
,"RO","LMN","Lemnia","Lemnia","CV","--3-----","RL","0407",,"4603N 02616E",
,"RO","LER","Leresti","Leresti","AG","--3-----","RL","1601",,"4520N 02504E",
,"RO","LTI","Liesti","Liesti","GL","--3-----","RL","1207",,"4606N 02726E",
,"RO","LIP","Lipova","Lipova","AR","--3-----","RL","1207",,"4605N 02141E",
,"RO","5LI","Livezeni","Livezeni","MS","1----6--","RL","1407",,"4633N 02438E",
,"RO","LZI","Livezi","Livezi","BC","--3-----","RL","1801",,"4624N 02644E",
,"RO","RZL","Ludus","Ludus","MS","-----6--","RL","0901",,"4629N 02406E",
,"RO","LUG","Lugoj","Lugoj","TM","-23-----","RL","0401",,"4541N 02154E",
,"RO","LMA","Lumina","Lumina",,"-23-----","RL","0601",,"4418N 02834E",
,"RO","LUM","Luminita","Luminita","CT","1-------","RQ","0907",,"4415N 02837E",
,"RO","LMU","Lunca Muresului, Alba","Lunca Muresului, Alba","AR","--3-----","RL","0407",,"4626N 02354E",
,"RO","LUN","Lungeni","Lungeni","SV","--3-----","RL","2001",,"4715N 02543E",
,"RO","LGU","Lunguletu","Lunguletu","DB","-23-----","RL","0407",,"4437N 02539E",
,"RO","LUP","Lupeni","Lupeni","HD","-----6--","RQ","1007",,"4521N 02314E",
,"RO","LUT","Lutita","Lutita","HR","1----6--","RL","1107",,,
,"RO","MAC","Macin","Macin","TL","1-------","RQ","0907",,"4515N 02810E",
,"RO","BH3","Madaras","Madaras","BH","--3-----","RL","1601",,"4650N 02141E",
,"RO","MAE","Magesti","Magesti","BH","--3-----","AM","2107",,"4701N 02227E",
,"RO","MGH","Magheru","Magheru","MH","--3-----","RL","1707",,"4439N 02237E",""
,"RO","MGR","Magurele","Magurele","IF","--3-----","RL","1501",,"4421N 02602E",
,"RO","MGU","Magureni","Magureni","PH","1----6--","RQ","1007",,"4504N 02544E",
,"RO","MAH","Mahmudia","Mahmudia","TL","1-------","RQ","0907",,"4508N 02908E",
,"RO","MIR","Maieru","Maieru","BN","-----6--","RQ","1007",,"4724N 02445E",
,"RO","RZJ","Malini","Malini","SV","-----6--","RL","0901",,"4727N 02606E",
,"RO","MAN","Manastireni","Manastireni","CJ","--3-----","AM","2101",,"4646N 02305E",
,"RO","MAG","Mangalia","Mangalia","CT","123-----","AC","1101",,"4350N 02835E",""
,"RO","MCI","Maracineni","Maracineni","AG","-----6--","RL","1201",,"4454N 02453E",
,"RO","MAR","Marghita","Marghita","BH","--3-----","RL","1807",,"4721N 02220E",
,"RO","MG5","Marginea","Marginea","SV","--3-----","RL","1501",,"4749N 02549E",
,"RO","RZM","Margineni","Margineni","BC","-----6--","RL","0901",,"4636N 02654E",
,"RO","MAA","Matasaru","Matasaru","DB","--3-----","AM","2101",,"4443N 02526E",
,"RO","MAT","Matca","Matca","GL","--3-----","RL","1801",,"4551N 02732E",
,"RO","MTI","Mateesti","Mateesti","VL","--3-----","RL","0501",,"4503N 02350E",
,"RO","MED","Medgidia","Medgidia","CT","1-------","AC","1101",,"4415N 02816E",""
,"RO","MES","Medias","Medias","SB","--3-----","RL","0307",,"4610N 02421E",
,"RO","MAU","Mediesu Aurit","Mediesu Aurit",,"--3-----","RQ","0607",,"4746N 02308E",
,"RO","MDA","Mehadia","Mehadia","CS","-23-----","RL","0501",,"4454N 02222E",
,"RO","MID","Midia","Midia","CT","123-----","AC","1101",,"4420N 02837E",""
,"RO","RZP","Miercurea Sibiului","Miercurea Sibiului","SB","-----6--","RL","0901",,"4553N 02348E",
,"RO","MCA","Miercurea-Ciuc","Miercurea-Ciuc","HR","--3-----","RL","0212",,"4622N 02548E",
,"RO","MVU","Mihai Viteazu","Mihai Viteazu","CJ","--3-----","RL","0507",,"4632N 02345E",
,"RO","MKO","Mihail Kogalniceanu","Mihail Kogalniceanu",,"--3-----","RQ","0607",,"4424N 02831E",
,"RO","MHE","Mihailesti","Mihailesti","GR","--3-----","RL","0701",,"4419N 02554E",
,"RO","MIJ","Mija","Mija","DB","--3-----","RQ","2307",,"4455N 02541E",
,"RO","RZN","Mintia","Mintia","HD","-----6--","RL","0901",,"4556N 02251E",
,"RO","ENI","Mioveni","Mioveni","AG","--3-----","RL","1101",,"4457N 02457E",""
,"RO","MRA","Mirila","Mirila","OT","--3-----","RL","1807",,"4422N 02409E",
,"RO","RZA","Mizil","Mizil","PH","-----6--","RL","0901",,"4501N 02627E",
,"RO","MAV","Moara","Moara","PH","--3-----","RL","2001",,"4450N 02604E",
,"RO","MSA","Mogosoaia","Mogosoaia","B","--3-----","RL","0407",,"4431N 02600E",
,"RO","MNI","Moinesti","Moinesti","BC","-23-----","RL","1101",,"4628N 02630E",""
,"RO","MSI","Moisei","Moisei","MM","-23-----","RL","1101",,"4739N 02433E",""
,"RO","MOI","Moiseni","Moiseni","SM","--3-----","RL","0701",,"4756N 02328E",
,"RO","RZY","Moldova Noua","Moldova Noua","CS","-----6--","RL","0901",,"4444N 02140E",
,"RO","MOV","Moldova Veche","Moldova Veche","CS","-------B","AC","1101",,"4443N 02137E",""
,"RO","MRI","Moreni, Dimbovita","Moreni, Dimbovita",,"-23-----","RL","0601",,"4500N 02539E",
,"RO","MON","Mosnita Noua","Mosnita Noua",,"--3-----","RL","0601",,"4543N 02119E",
,"RO","MTE","Motatei","Motatei","DJ","--3-----","RL","1801",,"4405N 02312E",
,"RO","MOT","Motru","Motru","GJ","--3-5---","RL","1607",,"4448N 02258E",
,"RO","MVC","Movila Verde","Movila Verde","CT","--3-----","RL","1607",,"4358N 02808E",
,"RO","MUT","Munteni","Munteni","BH","--3-----","RL","1801",,"4654N 02241E",
,"RO","MUN","Muntenii","Muntenii","GL","--3-----","RL","1807",,"4555N 02726E",
,"RO","MSN","Mureseni","Mureseni","MS","--3-----","RL","1207",,"4631N 02431E",
,"RO","MUR","Murfatlar","Murfatlar",,"--3-----","RL","0307",,"4411N 02825E",
,"RO","MUS","Musca","Musca","AB","--3-----","RL","1807",,"4622N 02310E",
,"RO","NDB","Nadab","Nadab",,"--3-----","RL","0901",,"4629N 02131E",
,"RO","NAD","Naidas","Naidas",,"--3-----","AC","8309",,,
,"RO","NDI","Navodari","Navodari",,"123-----","RL","0601",,"4420N 02837E",
,"RO","NAZ","Nazna","Nazna","MS","-23-----","RL","0407",,"4632N 02430E",
,"RO","NDE","Nedelea","Nedelea","PH","--3-----","RL","1307",,"4458N 02549E",
,"RO","NEV","Negru Voda","Negru Voda",,"-2------","AC","8309",,,
,"RO","RZW","Nehoiu","Nehoiu","BZ","-----6--","RL","0901",,"4525N 02618E",
,"RO","NIB","Nicolae Balcescu","Nicolae Balcescu",,"-2------","AC","8309",,,
,"RO","NIN","Nicolina","Nicolina",,"-2------","AC","8309",,,
,"RO","NCL","Niculitel","Niculitel","TL","--3-----","RL","1607",,"4511N 02829E",
,"RO","NFN","Nifon","Nifon","TL","--3-----","RL","1607",,"4509N 02822E",
,"RO","NVA","Novacu","Novacu","GJ","--3-----","RL","0501",,"4510N 02340E",
,"RO","OAR","Oarda de Sus","Oarda de Sus","AB","--3-----","RL","0701",,"4601N 02335E",
,"RO","OAJ","Oarja","Oarja","AG","--3-----","RL","1707",,"4446N 02458E",
,"RO","OCM","Ocna Mures","Ocna Mures","AB","--3-----","RL","0207",,"4623N 02351E",
,"RO","OBE","Odobesti","Odobesti","VN","--3--6--","RL","1107",,"4546N 02703E",
,"RO","OSE","Odorheiu Secuiesc","Odorheiu Secuiesc","HR","-23-----","RL","0407",,"4618N 02518E",
,"RO","OGI","Oglinzi","Oglinzi","NT","--3-----","RL","1101",,"4715N 02621E",""
,"RO","OTZ","Oituz, Bacau","Oituz, Bacau","BC","--3-----","RL","0407",,"4612N 02637E",
,"RO","OJD","Ojdula","Ojdula","CV","1----6--","RQ","1007",,"4559N 02615E",
,"RO","TM5","Olosag","Olosag","TM","--3-----","RL","1601",,"4536N 02157E",
,"RO","OLT","Oltenita","Oltenita","CL","1------B","AC","1101",,"4405N 02639E",""
,"RO","ROI","Onesti","Onesti","IS","--3-----","RL","1501",,"4729N 02707E",
,"RO","OSI","Onesti, Bacau","Onesti, Bacau","BC","--3-----","RL","0407",,"4615N 02645E",
,"RO","OPR","Oprisor","Oprisor",,"--3-----","RL","0601",,"4417N 02305E",
,"RO","OMR","Oradea","Oradea",,"-2-4----","AI","9601",,,
,"RO","ORA","Orastie","Orastie","HD","--3-----","RQ","0907",,"4550N 02312E",
,"RO","OVA","Oravita","Oravita","CS","-23-----","RL","0501",,"4501N 02141E",
,"RO","ORT","Orlesti","Orlesti","VL","--3-----","RL","1501",,"4448N 02413E",
,"RO","ODL","Orodelu","Orodelu",,"--3-----","RL","0601",,"4415N 02315E",
,"RO","ORV","Orsova","Orsova","MH","12-----B","AC","1101",,"4442N 02224E",""
,"RO","OSA","Ortisoara","Ortisoara","TM","--3-----","RL","1607",,"4557N 02111E",
,"RO","OTI","Otopeni","Otopeni","IF","--3-----","RL","1407",,"4433N 02604E",""
,"RO","OTP","Otopeni Apt/Bucuresti","Otopeni Apt/Bucuresti","IF","---4----","AI","1407",,"4434N 02605E",""
,"RO","OVI","Ovidiu","Ovidiu","CT","1-------","RQ","0907",,"4416N 02834E",
,"RO","PAD","Padureni","Padureni","CJ","--3-----","RQ","0907",,"4652N 02336E",
,"RO","PAO","Palota","Palota","BH","--3-----","RL","1301",,"4704N 02150E",
,"RO","PNC","Panciu","Panciu",,"--3-----","RL","0307",,"4554N 02705E",
,"RO","PAN","Panic","Panic","SJ","--3-----","RL","0407",,"4712N 02300E",
,"RO","PNA","Pantasesti","Pantasesti","BH","--3--6--","RQ","1007",,"4637N 02223E",
,"RO","PNT","Pantelimon","Pantelimon",,"--3-----","RL","0601",,"4427N 02612E",
,"RO","S3R","Parscov","Parscov","BZ","--3-----","RL","1501",,"4517N 02633E",
,"RO","PAR","Parta","Parta","TM","--3--6--","RQ","1007",,"4538N 02108E",
,"RO","PCI","Pascani","Pascani",,"--3-----","RL","0501",,"4715N 02644E",
,"RO","PAS","Pascani","Pascani","GL","--3-----","RL","0507",,"4550N 02805E",
,"RO","PAT","Patrauti","Patrauti","SV","--3-----","AM","2007",,"4743N 02612E",
,"RO","PAU","Paulesti","Paulesti","PH","1----6--","RQ","1007",,"4500N 02559E",
,"RO","PMG","Pausesti-Maglasi","Pausesti-Maglasi","VL","-----6--","RL","1107",,"4508N 02415E",
,"RO","PEA","Pechea","Pechea","GL","--3-----","AM","2201",,"4538N 02748E",
,"RO","PCA","Pecica","Pecica","AR","-23-----","RL","0407",,"4610N 02104E",
,"RO","PCT","Pecineaga","Pecineaga","CT","--3-----","RL","1607",,"4354N 02830E",
,"RO","PEC","Peciu Nou","Peciu Nou",,"--3-----","RL","1107",,,
,"RO","PRS","Peris, Ilfov","Peris, Ilfov","B","--3-----","RL","0407",,"4441N 02600E",
,"RO","PTA","Petelea","Petelea","MS","1----6--","RQ","1007",,"4644N 02443E",
,"RO","PET","Petresti","Petresti","DB","--3-----","RL","1301",,"4505N 02533E",""
,"RO","PRA","Petrila, Hunedoara","Petrila, Hunedoara","HD","--3-----","RL","0407",,"4455N 02137E",
,"RO","PEI","Petrosani","Petrosani",,"--3-----","RQ","0201",,,
,"RO","PIN","Piatra Neamt","Piatra Neamt",,"-2------","AC","8309",,,
,"RO","PIA","Piatra Olt","Piatra Olt",,"--3-----","RL","0601",,"4421N 02418E",
,"RO","NTP","Piatra Soimului","Piatra Soimului","NT","-----6--","RL","1007",,"4650N 02626E",
,"RO","PES","Pielesti","Pielesti","DJ","1----6--","RQ","1007",,"4420N 02357E",
,"RO","PTI","Pietrari, Valcea","Pietrari, Valcea","VL","--3-----","RL","0407",,"4506N 02408E",
,"RO","POA","Pietroasa","Pietroasa","BH","--3-----","RL","0507",,"4635N 02233E",
,"RO","PSE","Pietroasele","Pietroasele","BZ","1----6--","RQ","1007",,"4606N 02634E",
,"RO","PIT","Pitesti","Pitesti",,"-2------","AC","8309",,,
,"RO","PLA","Plavalari","Plavalari","SV","--3-----","RQ","1007",,"4734N 02621E",
,"RO","PLT","Ploiesti","Ploiesti","PH","-23-----","AC","0401",,"4457N 02601E",
,"RO","PLO","Plopeni","Plopeni","PH","--3-----","RL","0901",,"4504N 02559E",
,"RO","PAL","Poarta Alba","Poarta Alba","CT","1-------","RQ","0907",,"4413N 02824E",
,"RO","CIA","Pociovalistea","Pociovalistea","GJ","--3-----","RL","1801",,"4509N 02339E",
,"RO","PDR","Podari","Podari","DJ","--3-----","RL","1101",,"4415N 02347E",""
,"RO","PLR","Poiana Lacului","Poiana Lacului","AG","--3-----","RL","1301",,"4449N 02444E",
,"RO","PNG","Poiana Negrii","Poiana Negrii",,"--3-----","RL","0601",,"4719N 02513E",
,"RO","PSI","Poiana Sibiului","Poiana Sibiului","SB","--3-----","RL","0407",,"4548N 02344E",
,"RO","PDM","Poienarii de Muscel","Poienarii de Muscel",,"--3-----","RL","0607",,,
,"RO","PRI","Polovragi","Polovragi","GJ","--3-----","RL","0507",,"4511N 02348E",
,"RO","PLE","Popesti-Leordeni","Popesti-Leordeni","B","-23-----","RL","0407",,"4423N 02610E",
,"RO","PFD","Portile de Fier Doi","Portile de Fier Doi",,"--3-----","AC","0212",,"4441N 02231E",
,"RO","PFU","Portile de Fier Unu","Portile de Fier Unu",,"--3-----","AC","0212",,"4441N 02231E",
,"RO","PBM","Porumbenii Mici","Porumbenii Mici","HR","--3-----","RL","1601",,"4616N 02506E",
,"RO","POS","Posoloaca","Posoloaca","BH","--3-----","RL","1607",,"4704N 02212E",
,"RO","PRJ","Preajba","Preajba","MM","--3-----","RL","1607",,"4415N 02351E",
,"RO","PRE","Prejmer","Prejmer","BV","-----6--","RL","1201",,"4543N 02546E",
,"RO","PPC","Prelipca","Prelipca","SV","1----6--","RL","1107",,"4736N 02621E",
,"RO","PUA","Pucioasa","Pucioasa","DB","--3-----","RL","1707",,"4504N 02526E",""
,"RO","RAC","Rachitova","Rachitova","HD","--3-----","RL","0701",,"4536N 02244E",
,"RO","RAU","Radauti","Radauti",,"-2------","AC","8309",,,
,"RO","RDU","Radauti","Radauti","SV","--3-----","RQ","0901",,"4751N 02555E",
,"RO","RMS","Ramnicu Sarat","Ramnicu Sarat","BZ","--3-----","RL","1601",,"4522N 02703E",
,"RO","RIV","Râmnicu Vâlcea","Ramnicu Valcea",,"-2------","AC","0212",,"4506N 02422E",
,"RO","RNV","Rasnov","Rasnov",,"--3-----","RL","0501",,"4535N 02527E",
,"RO","RBI","Razboieni","Razboieni","AB","--3-----","RL","0501",,"4625N 02352E",
,"RO","RBR","Rebra","Rebra","BN","--3-----","RL","2001",,"4719N 02430E",
,"RO","REC","Recas","Recas",,"-23-----","RL","0607",,"4548N 02131E",
,"RO","RDE","Rediu","Rediu","IS","1----6--","RQ","1007",,"4654N 02735E",
,"RO","RHN","Reghin","Reghin","MS","-23-----","RL","0407",,"4646N 02442E",
,"RO","RME","Remetea Mare","Remetea Mare","TM","--3--6--","RQ","1007",,"4546N 02122E",
,"RO","RMA","Remetea, Harghita","Remetea, Harghita","HR","--3-----","RL","0407",,"4647N 02527E",
,"RO","REA","Resita","Resita","CS","--3-----","RL","0501","QRS","4518N 02153E",
,"RO","REN","Resita Nord","Resita Nord",,"-2------","AC","8309",,,
,"RO","RES","Resita Sud","Resita Sud",,"-2------","AC","8309",,,
,"RO","RZQ","Rimnicu Vilcea","Rimnicu Vilcea","VS","-----6--","RL","0901",,"4506N 02422E",
,"RO","XXX","RIS Inland waterways","RIS Inland waterways",,"1-------","AI","1101",,,
,"RO","RIS","Risca","Risca","HD","--3-----","RL","1701",,"4611N 02242E",
,"RO","RMN","Roman","Roman","NT","-23-----","RL","0407",,"4655N 02655E",
,"RO","RMI","Romuli","Romuli","BN","--3-----","RL","0701",,"4733N 02426E",
,"RO","RDS","Rona de Sus","Rona de Sus","MM","--3-----","RL","0407",,"4754N 02403E",
,"RO","RNN","Rosia Montana","Rosia Montana",,"1----6--","RL","1107",,"4618S 02308E",
,"RO","ROS","Rosiorii de Vede","Rosiorii de Vede","TR","-----6--","RL","1407",,"4406N 02459E",
,"RO","ROV","Rovinari","Rovinari","GJ","--3-----","RL","0207",,"4454N 02307E",
,"RO","RZV","Roznov","Roznov",,"0-------","RQ","9012",,,
,"RO","RCR","Rucar","Rucar","AG","--3-----","RL","0501",,"4523N 02511E",
,"RO","RUG","Rugetu","Rugetu","VL","--3-----","RL","1807",,"4500N 02415E",
,"RO","RUP","Rupea","Rupea",,"--3-----","RL","0601",,"4603N 02512E",
,"RO","SOI","Sabaoani","Sabaoani",,"-23-----","RL","0601",,"4701N 02652E",
,"RO","RZR","Sacalaz","Sacalaz","TM","-----6--","RL","0901",,"4545N 02106E",
,"RO","RZS","Sacele","Sacele","BV","-----6--","RL","0901",,"4537N 02541E",
,"RO","STU","Sacosu Turcesc","Sacosu Turcesc","TM","--3-----","RL","1301",,"4539N 02125E",
,"RO","BHR","Salard","Salard","BH","-----6--","RL","1407",,"4713N 02203E",
,"RO","SDJ","Salciua de Jos","Salciua de Jos","AB","-23-----","RL","0407",,"4624N 02326E",
,"RO","SLE","Saliste","Saliste","SB","--3-----","RL","0407",,"4547N 02353E",
,"RO","SAT","Salonta","Salonta",,"-2------","AC","8309",,,
,"RO","SBT","Sanbotin","Sanbotin","VL","--3-----","RL","1301",,"4518N 02438E",
,"RO","SNC","Sancraieni","Sancraieni","HR","--3-----","RL","1701",,"4618N 02550E",
,"RO","SNL","Sanleani","Sanleani","AR","--3-----","RL","1701",,"4612N 02123E",
,"RO","SUM","Sannicolau Mare","Sannicolau Mare","TM","--3-----","AM","2201",,"4605N 02038E",
,"RO","STN","Sântana","Santana","AR","--3-----","RL","1801",,"4621N 02130E",
,"RO","SDI","Sântandrei","Santandrei","BH","--3-----","RL","1501",,"4704N 02151E",
,"RO","SSU","Sarasau","Sarasau","MM","--3-----","AM","2107",,"4757N 02349E",
,"RO","SRT","Sarata","Sarata","BC","--3-----","RL","1407",,"4630N 02650E",
,"RO","RTA","Sarata","Sarata","BN","--3-----","RL","1301",,"4705N 02427E",
,"RO","SAR","Sarmas","Sarmas","CV","--3-----","RQ","0907",,"4542N 02650E",
,"RO","SMG","Sarmasag","Sarmasag","SJ","--3-----","RL","1207",,"4721N 02250E",
,"RO","SAS","Sascut","Sascut","BC","--3-----","RL","0901",,"4612N 02706E",
,"RO","LCV","Sat Luncavita","Sat Luncavita","TL","--3-----","AM","2007",,"4517N 02816E",
,"RO","SVD","Sat Valea Draganului","Sat Valea Draganului","CJ","--3-----","RQ","0901",,"4443N 02359E",
,"RO","SUJ","Satu Mare","Satu Mare",,"---4----","AI","9601",,,
,"RO","SAU","Saulia","Saulia",,"--3-----","RL","0601",,"4638N 02413E",
,"RO","SDL","Savadisla","Savadisla","CJ","--3-----","RL","1801",,"4641N 02327E",
,"RO","SAV","Saveni","Saveni","BT","--3-----","RL","1707",,"4757N 02651E",""
,"RO","VST","Savinesti","Savinesti","NT","--3-----","RL","1101",,"4708N 02554E",""
,"RO","SCH","Scheia","Scheia","SV","--3--6--","RQ","1007",,"4739N 02614E",
,"RO","SCO","Scornicesti","Scornicesti","OT","--3-----","RL","1501",,"4434N 02433E",
,"RO","SBS","Sebes, Alba","Sebes, Alba","AB","--3-----","RL","0407",,"4558N 02334E",
,"RO","SEC","Secueni","Secueni","NT","--3-----","RL","0507",,"4651N 02649E",
,"RO","DOJ","Segarcea","Segarcea","DJ","-----6--","RL","1407",,"4406N 02345E",
,"RO","SNI","Seini","Seini","MM","--3-----","RL","0701",,"4745N 02316E",
,"RO","SEI","Seitin","Seitin","AR","--3-----","RL","0212",,"4606N 02051E",
,"RO","SEL","Selimbar","Selimbar","SB","-----6--","RL","1407",,"4546N 02412E",
,"RO","SFG","Sfantul-Gheorghe","Sfantul-Gheorghe","CV","-23-----","RL","0501",,"4552N 02547E",
,"RO","SBZ","Sibiu","Sibiu",,"-2-4----","AI","9601",,,
,"RO","SIM","Sighetu Marmatiei","Sighetu Marmatiei",,"-2------","AC","8309",,,
,"RO","SSA","Sighisoara","Sighisoara","MS","-23-----","RL","0407",,"4613N 02448E",
,"RO","SIT","Simeria","Simeria","HD","-23-----","AC","0401",,"4549N 02303E",
,"RO","SMN","Simian","Simian","BH","--3-----","RL","1601",,"4729N 02206E",
,"RO","SJS","Simleu Silvaniei","Simleu Silvaniei","SJ","--3-----","RQ","1101",,,""
,"RO","RZT","Sinaia","Sinaia","PH","-----6--","RL","0901",,"4521N 02533E",
,"RO","SCI","Sincraieni","Sincraieni","HR","--3-----","RL","0507",,"4618N 02551E",
,"RO","SDM","Sîncraiu de Mures","Sincraiu de Mures","MS","-23-----","RL","0407",,"4633N 02430E",
,"RO","SDR","Sindrilita","Sindrilita","B","--3--6--","RQ","1007",,"4431N 02619E",
,"RO","SGM","Sîngeorgiu de Mures","Singeorgiu de Mures","MS","--3-----","RL","1401",,"4634N 02436E",
,"RO","SMR","Sînmartin","Sinmartin","CJ","--3-----","RL","1807",,"4654N 02334E",
,"RO","SIN","Sinnicolau Mare","Sinnicolau Mare","TM","--3-----","RQ","0907",,"4640N 02037E",
,"RO","4SB","Sinpetru","Sinpetru","BV","--3-----","RL","1501",,"4543N 02538E",
,"RO","SMU","Sîntana de Mures","Sintana de Mures","MS","-23-----","RL","0407",,"4634N 02433E",
,"RO","STG","Sintereag","Sintereag","BN","--3-----","RL","0407",,"4711N 02418E",
,"RO","SRU","Sîntimbru","Sintimbru","AB","-----6--","RQ","1007",,"4608N 02339E",
,"RO","SIR","Siret","Siret","SV","--3-----","RQ","0907",,"4757N 02634E",
,"RO","SLA","Slatina","Slatina","OT","--3-----","QQ","2001",,"4426N 02422E",""
,"RO","STR","Slatioara","Slatioara","OT","--3-----","RL","1501",,"4424N 02419E",
,"RO","SCZ","Slava Cercheza","Slava Cercheza","CT","--3-----","RL","1607",,"4424N 02833E",
,"RO","SRS","Slava Rusa","Slava Rusa","TL","--3-----","RL","1607",,"4451N 02836E",
,"RO","SBA","Slobozia","Slobozia","IL","--3-----","RL","0407",,"4434N 02722E",
,"RO","SLS","Slobozia Sucevei","Slobozia Sucevei","SV","-----6--","RL","0901",,"4745N 02604E",
,"RO","SLO","Slobozia, Arges","Slobozia, Arges","AG","--3-----","RL","0507",,"4516N 02510E",
,"RO","SDN","Smârdan","Smardan",,"--3-----","RL","0607",,"4528N 02756E",
,"RO","SGV","Snagov","Snagov",,"-23-----","RL","0601",,"4442N 02611E",
,"RO","SOC","Socetu","Socetu",,"--3-----","RQ","0607",,"4412N 02451E",
,"RO","SOL","Socola","Socola",,"-2------","AC","8309",,,
,"RO","SMS","Soimesti","Soimesti","PH","--3-----","RL","1301",,"4502N 02618E",
,"RO","SOU","Soimus","Soimus","HD","--3-----","RL","1307",,"4555N 02254E",
,"RO","SOM","Someseni","Someseni",,"-2------","AC","8309",,,
,"RO","RZU","Sovata","Sovata","MS","-----6--","RL","0901",,"4635N 02504E",
,"RO","SOV","Soveja","Soveja","VN","--3-----","RL","1707",,"4600N 02639E",""
,"RO","RZC","Stalpeni","Stalpeni","AG","-----6--","RL","0901",,"4502N 02458E",
,"RO","STM","Stamora Germana","Stamora Germana",,"-23-----","AC","0212",,"4517N 02115E",
,"RO","STI","Stefanesti, Arges","Stefanesti, Arges",,"-23-----","RL","0601",,"4452N 02456E",
,"RO","STJ","Stefanestii de Jos","Stefanestii de Jos","B","--3--6--","RL","1007",,"4432N 02612E",
,"RO","TEI","Stei","Stei","BH","--3--6--","RL","1007",,"4632N 02228E",
,"RO","ST9","Stejaru","Stejaru","TL","--3-----","RL","1301",,"4446N 02833E",
,"RO","SBC","Subcetate","Subcetate","HR","--3-----","RL","1301",,"4651N 02526E",
,"RO","SCV","Suceava","Suceava",,"---4----","AI","9601",,,
,"RO","SUN","Suceava Nord","Suceava Nord",,"-2------","AC","8309",,,
,"RO","SUL","Sulina (Port et Zone Franche)","Sulina (Port et Zone Franche)","TL","1-3----B","AC","1101",,"4509N 02940E",""
,"RO","SCS","Suncuius","Suncuius",,"--3-----","RQ","0607",,"4659N 02230E",
,"RO","SUR","Sura Mica","Sura Mica","SB","--3--6--","RQ","1007",,"4550N 02404E",
,"RO","TAL","Talea","Talea","PH","--3-----","RL","2001",,"4513N 02533E",
,"RO","TAM","Tamna","Tamna",,"--3-----","RL","1107",,"4434N 02301E",
,"RO","BNS","Tancabesti","Tancabesti","IF","--3-----","RL","1801",,"4442N 02610E",
,"RO","TDE","Tandarei","Tandarei","IL","--3-----","RL","1601",,"4439N 02740E",
,"RO","CAU","Tarcau","Tarcau","NT","--3-----","RL","1301",,"4652N 02608E",
,"RO","TAR","Târgoviste","Targoviste","DB","--3-----","RL","0307",,"4456N 02527E",
,"RO","TAG","Targsoru Nou","Targsoru Nou","PH","--3-----","RL","2001",,"4454N 02552E",
,"RO","TFR","Targu Frumos","Targu Frumos","IS","-23-----","AM","2007",,"4712N 02700E",
,"RO","TGU","Târgu Jiu","Targu Jiu","GJ","--3-----","RL","2001",,"4503N 02317E",
,"RO","RZO","Targu Neamt","Targu Neamt","NT","-----6--","RL","0901",,"4712N 02622E",
,"RO","TAO","Târgu Ocna","Targu Ocna","BC","--3-----","RL","0701",,"4616N 02637E",
,"RO","TSC","Târgu Secuiesc","Targu Secuiesc",,"-23-----","RL","0601",,"4600N 02608E",
,"RO","TGM","Târgu-Mures","Targu-Mures",,"---4----","AI","0212",,"4633N 02434E",
,"RO","TJI","Tarju Jiu","Tarju Jiu",,"--3--6--","RQ","0607",,"4502N 02316E",
,"RO","TVI","Tarnaveni","Tarnaveni",,"--3-----","RL","0307",,"4619N 02416E",
,"RO","TAS","Tasnad","Tasnad","SM","--3-----","RL","1601",,"4729N 02235E",
,"RO","TCC","Tecuci","Tecuci","GL","-----6--","RL","1107",,"4552N 02725E",
,"RO","TEU","Teius","Teius","AB","--3-----","RL","2001",,"4612N 02341E",
,"RO","TON","Teleorman","Teleorman","TR","--3-----","RL","0207",,"4404N 02509E",
,"RO","TGA","Teregova","Teregova","CS","-23-----","RL","0407",,"4509N 02217E",
,"RO","TET","Tetchea","Tetchea",,"-23-----","RL","0601",,"4703N 02219E",
,"RO","TIC","Ticleni","Ticleni",,"--3-----","RL","0601",,"4453N 02323E",
,"RO","TFT","Tifesti","Tifesti","VN","--3-----","RL","1501",,"4551N 02706E",
,"RO","TIG","Tiganesti","Tiganesti",,"-23-----","RL","0407",,"4637N 02225E",
,"RO","TAD","Tileagd","Tileagd",,"-23-----","RL","0601",,"4704N 02212E",
,"RO","TMT","Timisesti","Timisesti","NT","-----6--","RL","1107",,"4714N 02633E",
,"RO","TSR","Timisoara","Timisoara",,"---4----","AI","9601",,,
,"RO","TSN","Timisoara Nord","Timisoara Nord",,"-2------","AC","8309",,,
,"RO","6BT","Tincabesti","Tincabesti","B","--3-----","RL","1501",,"4441N 02605E",
,"RO","TIN","Tintesti","Tintesti",,"--3-----","RL","1207",,"4504N 02652E",
,"RO","TJU","Tîrgu Jiu","Tirgu Jiu","GJ","-23-----","RL","0407",,"4503N 02317E",
,"RO","RGU","Tîrgu Lapus","Tirgu Lapus","MM","--3-----","RL","0907",,"4727N 02352E",
,"RO","TIR","Tirgu Mures","Tirgu Mures","MS","--3-----","RQ","0907",,"4631N 02431E",
,"RO","TIT","Titu","Titu","DB","--3-----","RL","1407",,"4439N 02532E",
,"RO","OAA","Toaca","Toaca","MS","-----6--","RL","1107",,,
,"RO","TOH","Tohani","Tohani",,"--3-----","RL","0307",,"4504N 02626E",
,"RO","TOI","Tomesti","Tomesti","IS","--3-----","RL","2001",,"4707N 02741E",
,"RO","TNI","Tonesti, Olt","Tonesti, Olt",,"--3-----","RL","0601",,"4448N 02425E",
,"RO","TPL","Topolog","Topolog","TL","--3-----","RL","1607",,"4453N 02822E",
,"RO","TTI","Totesti","Totesti","HD","--3-----","AM","2107",,"4534N 02253E",
,"RO","TRA","Traisteni","Traisteni","PH","--3-----","AM","2007",,"4521N 02543E",
,"RO","TCE","Tulcea","Tulcea","TL","1--4---B","AI","1101",,"4511N 02848E",""
,"RO","TGH","Tulghes","Tulghes","HR","-23-----","RL","1701",,"4657N 02546E",
,"RO","TUN","Tunari","Tunari","B","--3--6--","RQ","1007",,"4433N 02609E",
,"RO","TDA","Turda","Turda","CJ","-23-----","RL","1101",,"4634N 02347E",""
,"RO","TUC","Tureac","Tureac","BN","--3-----","RL","1701",,"4713N 02446E",
,"RO","TR5","Tureni","Tureni","CJ","1----6--","RL","1407",,"4637N 02342E",
,"RO","TUR","Turnu","Turnu","AR","--3-----","RL","0701",,"4615N 02107E",
,"RO","TUM","Turnu Magurele","Turnu Magurele","TR","1------B","AC","1101",,"4345N 02453E",""
,"RO","TRO","Turnu Rosu","Turnu Rosu","SB","--3-----","RL","0701",,"4537N 02418E",
,"RO","TUT","Turturesti","Turturesti","BZ","1----6--","RQ","1001",,"4507N 02638E",
,"RO","ULM","Ulmeni","Ulmeni","BZ","-----6--","RQ","1007",,"4504N 02639E",
,"RO","ULI","Ulmi","Ulmi","DB","-----6--","RL","1007",,"4454N 02530E",
,"RO","UN7","Ungheni","Ungheni","MS","--3-----","RL","1501",,"4629N 02428E",
,"RO","URA","Unirea","Unirea","AB","-23-----","RL","1101",,"4624N 02348E",""
,"RO","ULT","Urlati","Urlati","PH","-----6--","RL","1107",,"4459N 02614E",
,"RO","URZ","Urziceni","Urziceni",,"--3-----","QQ","0212",,,
,"RO","UTW","Utvin","Utvin","TM","--3-----","RL","1301",,"4543N 02108E",
,"RO","VRI","Vacaresti, Dimbovita","Vacaresti, Dimbovita","DB","--3-----","RL","0407",,"4451N 02529E",
,"RO","VIZ","Vadu Izei","Vadu Izei",,"-23-----","RL","0601",,"4753N 02357E",
,"RO","VDP","Vadu Pasii","Vadu Pasii","BZ","--3-----","RL","1407",,"4510N 02654E",
,"RO","RZX","Vaduri","Vaduri","NT","-----6--","RL","0901",,"4655N 02614E",
,"RO","VAD","Valea Adanca","Valea Adanca","IS","--3-----","RL","1301",,"4800N 02850E",
,"RO","VAM","Valea Luimihai","Valea Luimihai",,"-2------","AC","8309",,,
,"RO","VAL","Valea Lunga","Valea Lunga","AB","--3-----","RL","0701",,"4607N 02402E",
,"RO","VUI","Valea Lupului","Valea Lupului","IS","-----6--","RL","1007",,"4711N 02729E",
,"RO","VMP","Valea Mare Podgoria","Valea Mare Podgoria","AG","--3-----","RL","1207",,"4453N 02454E",
,"RO","VDM","Valenii de Munte","Valenii de Munte",,"-23-----","RL","0601",,"4511N 02603E",
,"RO","VAV","Vama Veche","Vama Veche",,"--3-----","AC","8309",,,
,"RO","TRI","Vanatori","Vanatori","MH","--3-----","RL","1101",,"4414N 02255E",""
,"RO","VTR","Vanatori Neamt","Vanatori Neamt","NT","1----6--","RL","1007",,"4712N 02619E",
,"RO","VMA","Vanatorii-Mari","Vanatorii-Mari","GR","--3-----","RL","0501",,"4429N 02532E",
,"RO","VAS","Varsand","Varsand",,"--3-----","AC","8309",,,
,"RO","VAO","Varsolt","Varsolt","SJ","-23-----","AM","2207",,"4712N 02255E",
,"RO","VLI","Vaslui","Vaslui","VS","-23-----","RL","0501",,"4638N 02744E",
,"RO","VDO","Vatra Dornei","Vatra Dornei",,"-23-----","RL","0601",,"4721N 02522E",
,"RO","VER","Vernesti","Vernesti","BZ","--3-----","RL","0212",,"4512N 02437E",
,"RO","VD3","Vicovu de Sus","Vicovu de Sus","SV","-----6--","RL","1201",,"4756N 02541E",
,"RO","VIS","Vicsani","Vicsani",,"-2------","AC","8309",,,
,"RO","RZB","Victoria","Victoria","BV","-----6--","RL","0901",,"4544N 02441E",
,"RO","VDE","Videle","Videle",,"-23-----","RL","0601",,"4417N 02532E",
,"RO","VDR","Vidra, Vrancea","Vidra, Vrancea",,"--3-----","RL","0601",,"4555N 02654E",
,"RO","VIN","Vinga","Vinga","AR","--3-----","RQ","0907",,"4601N 02122E",
,"RO","VRA","Virtescoiu","Virtescoiu","VN","--3-----","RL","1701",,"4544N 02705E",
,"RO","VDS","Viseu de Sus","Viseu de Sus","MM","--3-----","RL","0207",,"4742N 02425E",
,"RO","VDI","Vladesti","Vladesti","VS","--3-----","RL","0407",,"4507N 02418E",
,"RO","VEU","Vladimirescu","Vladimirescu","AR","--3-----","RL","0407",,"4609N 02124E",
,"RO","VLA","Vlahita","Vlahita","HR","--3-----","RL","0901",,"4621N 02531E",
,"RO","VNI","Voinesti","Voinesti","BZ","--3-----","RL","0507",,"4459N 02636E",
,"RO","VOI","Voiniceni","Voiniceni","MS","--3-----","RL","1801",,"4637N 02432E",
,"RO","VTG","Voiteg","Voiteg",,"-23-----","RL","0601",,"4528N 02114E",
,"RO","VAR","Voluntari","Voluntari",,"--3-----","RL","1301",,"4429N 02611E",
,"RO","VOL","Voluntari","Voluntari","B","--3-----","RL","1101",,"4428N 02608E",""
,"RO","VUL","Vulcan","Vulcan","HD","--3-----","RL","1301",,"4523N 02316E",
,"RO","ZAU","Zalau","Zalau","SJ","-23-----","RL","0407",,"4712N 02303E",
,"RO","ZAR","Zarnesti","Zarnesti","BV","-23-----","RL","0407",,"4534N 02521E",
,"RO","ZIC","Zimnicea","Zimnicea","TR","1------B","AC","1101",,"4339N 02521E",""
,"RO","ZTA","Zlatna","Zlatna","AB","--3-----","RL","0407",,"4607N 02313E",
