"AZ","ABS","Abseron","Rayon"
"AZ","AGA","Agstafa","Rayon"
"AZ","AGC","Agcab?di","Rayon"
"AZ","AGM","Agdam","Rayon"
"AZ","AGS","Agdas","Rayon"
"AZ","AGU","Agsu","Rayon"
"AZ","AST","Astara","Rayon"
"AZ","BA","Baki","Municipality"
"AZ","BAB","Bab?k","Rayon"
"AZ","BAL","Balak?n","Rayon"
"AZ","BAR","B?rd?","Rayon"
"AZ","BEY","Beyl?qan","Rayon"
"AZ","BIL","Bil?suvar","Rayon"
"AZ","CAB","C?brayil","Rayon"
"AZ","CAL","C?lilabad","Rayon"
"AZ","CUL","Culfa","Rayon"
"AZ","DAS","Dask?s?n","Rayon"
"AZ","FUZ","Füzuli","Rayon"
"AZ","GA","G?nc?","Municipality"
"AZ","GAD","G?d?b?y","Rayon"
"AZ","GOR","Goranboy","Rayon"
"AZ","GOY","Göyçay","Rayon"
"AZ","GYG","Göygöl","Rayon"
"AZ","HAC","Haciqabul","Rayon"
"AZ","IMI","Imisli","Rayon"
"AZ","ISM","Ismayilli","Rayon"
"AZ","KAL","K?lb?c?r","Rayon"
"AZ","KAN","K?ng?rli","Rayon"
"AZ","KUR","Kürd?mir","Rayon"
"AZ","LA","L?nk?ran","Municipality"
"AZ","LAC","Laçin","Rayon"
"AZ","LAN","L?nk?ran","Rayon"
"AZ","LER","Lerik","Rayon"
"AZ","MAS","Masalli","Rayon"
"AZ","MI","Ming?çevir","Municipality"
"AZ","NA","Naftalan","Municipality"
"AZ","NEF","Neftçala","Rayon"
"AZ","NV","Naxçivan","Municipality"
"AZ","NX","Naxçivan","Autonomous republic"
"AZ","OGU","Oguz","Rayon"
"AZ","ORD","Ordubad","Rayon"
"AZ","QAB","Q?b?l?","Rayon"
"AZ","QAX","Qax","Rayon"
"AZ","QAZ","Qazax","Rayon"
"AZ","QBA","Quba","Rayon"
"AZ","QBI","Qubadli","Rayon"
"AZ","QOB","Qobustan","Rayon"
"AZ","QUS","Qusar","Rayon"
"AZ","SA","S?ki","Municipality"
"AZ","SAB","Sabirabad","Rayon"
"AZ","SAD","S?d?r?k","Rayon"
"AZ","SAH","Sahbuz","Rayon"
"AZ","SAK","S?ki","Rayon"
"AZ","SAL","Salyan","Rayon"
"AZ","SAR","S?rur","Rayon"
"AZ","SAT","Saatli","Rayon"
"AZ","SBN","Sabran","Rayon"
"AZ","SIY","Siy?z?n","Rayon"
"AZ","SKR","S?mkir","Rayon"
"AZ","SM","Sumqayit","Municipality"
"AZ","SMI","Samaxi","Rayon"
"AZ","SMX","Samux","Rayon"
"AZ","SR","Sirvan","Municipality"
"AZ","SUS","Susa","Rayon"
"AZ","TAR","T?rt?r","Rayon"
"AZ","TOV","Tovuz","Rayon"
"AZ","UCA","Ucar","Rayon"
"AZ","XA","Xank?ndi","Municipality"
"AZ","XAC","Xaçmaz","Rayon"
"AZ","XCI","Xocali","Rayon"
"AZ","XIZ","Xizi","Rayon"
"AZ","XVD","Xocav?nd","Rayon"
"AZ","YAR","Yardimli","Rayon"
"AZ","YE","Yevlax","Municipality"
"AZ","YEV","Yevlax","Rayon"
"AZ","ZAN","Z?ngilan","Rayon"
"AZ","ZAQ","Zaqatala","Rayon"
"AZ","ZAR","Z?rdab","Rayon"
