"BD","01","Bandarban","District"
"BD","02","Barguna","District"
"BD","03","Bogura","District"
"BD","04","Brahmanbaria","District"
"BD","05","Bagerhat","District"
"BD","06","Barishal","District"
"BD","07","Bhola","District"
"BD","08","Cumilla","District"
"BD","09","Chandpur","District"
"BD","10","Chattogram","District"
"BD","11","Cox's Bazar","District"
"BD","12","Chuadanga","District"
"BD","13","Dhaka","District"
"BD","14","Dinajpur","District"
"BD","15","Faridpur","District"
"BD","16","Feni","District"
"BD","17","Gopalganj","District"
"BD","18","Gazipur","District"
"BD","19","Gaibandha","District"
"BD","20","Habiganj","District"
"BD","21","Jamalpur","District"
"BD","22","Jashore","District"
"BD","23","Jhenaidah","District"
"BD","24","Joypurhat","District"
"BD","25","Jhalakathi","District"
"BD","26","Kishoreganj","District"
"BD","27","Khulna","District"
"BD","28","Kurigram","District"
"BD","29","Khagrachhari","District"
"BD","30","Kushtia","District"
"BD","31","Lakshmipur","District"
"BD","32","Lalmonirhat","District"
"BD","33","Manikganj","District"
"BD","34","Mymensingh","District"
"BD","35","Munshiganj","District"
"BD","36","Madaripur","District"
"BD","37","Magura","District"
"BD","38","Moulvibazar","District"
"BD","39","Meherpur","District"
"BD","40","Narayanganj","District"
"BD","41","Netrakona","District"
"BD","42","Narsingdi","District"
"BD","43","Narail","District"
"BD","44","Natore","District"
"BD","45","Chapai Nawabganj","District"
"BD","46","Nilphamari","District"
"BD","47","Noakhali","District"
"BD","48","Naogaon","District"
"BD","49","Pabna","District"
"BD","50","Pirojpur","District"
"BD","51","Patuakhali","District"
"BD","52","Panchagarh","District"
"BD","53","Rajbari","District"
"BD","54","Rajshahi","District"
"BD","55","Rangpur","District"
"BD","56","Rangamati","District"
"BD","57","Sherpur","District"
"BD","58","Satkhira","District"
"BD","59","Sirajganj","District"
"BD","60","Sylhet","District"
"BD","61","Sunamganj","District"
"BD","62","Shariatpur","District"
"BD","63","Tangail","District"
"BD","64","Thakurgaon","District"
