"BS","AK","Acklins","District"
"BS","BI","Bimini","District"
"BS","BP","Black Point","District"
"BS","BY","Berry Islands","District"
"BS","CE","Central Eleuthera","District"
"BS","CI","Cat Island","District"
"BS","CK","Crooked Island and Long Cay","District"
"BS","CO","Central Abaco","District"
"BS","CS","Central Andros","District"
"BS","EG","East Grand Bahama","District"
"BS","EX","Exuma","District"
"BS","FP","City of Freeport","District"
"BS","GC","Grand Cay","District"
"BS","HI","Harbour Island","District"
"BS","HT","Hope Town","District"
"BS","IN","Inagua","District"
"BS","LI","Long Island","District"
"BS","MC","Mangrove Cay","District"
"BS","MG","Mayaguana","District"
"BS","MI","Moore's Island","District"
"BS","NE","North Eleuthera","District"
"BS","NO","North Abaco","District"
"BS","NP","New Providence","Island"
"BS","NS","North Andros","District"
"BS","RC","Rum Cay","District"
"BS","RI","Ragged Island","District"
"BS","SA","South Andros","District"
"BS","SE","South Eleuthera","District"
"BS","SO","South Abaco","District"
"BS","SS","San Salvador","District"
"BS","SW","Spanish Wells","District"
"BS","WG","West Grand Bahama","District"
