"CF","AC","Ouham","Prefecture"
"CF","BB","Bamingui-Bangoran","Prefecture"
"CF","BGF","Bangui","Commune"
"CF","BK","Basse-Kotto","Prefecture"
"CF","HK","Haute-Kotto","Prefecture"
"CF","HM","Haut-Mbomou","Prefecture"
"CF","HS","Mambéré-Kadéï","Prefecture"
"CF","KB","Gribingui","economic prefecture"
"CF","KG","Kémo-Gribingui","Prefecture"
"CF","LB","Lobaye","Prefecture"
"CF","MB","Mbomou","Prefecture"
"CF","MP","Ombella-Mpoko","Prefecture"
"CF","NM","Nana-Mambéré","Prefecture"
"CF","OP","Ouham-Pendé","Prefecture"
"CF","SE","Sangha","economic prefecture"
"CF","UK","Ouaka","Prefecture"
"CF","VK","Vakaga","Prefecture"
