"CL","AI","Aisén del General Carlos Ibañez del Campo","Region"
"CL","AN","Antofagasta","Region"
"CL","AP","Arica y Parinacota","Region"
"CL","AR","La Araucanía","Region"
"CL","AT","Atacama","Region"
"CL","BI","Biobío","Region"
"CL","CO","Coquimbo","Region"
"CL","LI","Libertador General Bernardo O'Higgins","Region"
"CL","LL","Los Lagos","Region"
"CL","LR","Los Ríos","Region"
"CL","MA","Magallanes","Region"
"CL","ML","Maule","Region"
"CL","NB","Ñuble","Region"
"CL","RM","Región Metropolitana de Santiago","Region"
"CL","TA","Tarapacá","Region"
"CL","VS","Valparaíso","Region"
