"CO","AMA","Amazonas","Department"
"CO","ANT","Antioquia","Department"
"CO","ARA","Arauca","Department"
"CO","ATL","Atlántico","Department"
"CO","BOL","Bolívar","Department"
"CO","BOY","Boyacá","Department"
"CO","CAL","Caldas","Department"
"CO","CAQ","Caquetá","Department"
"CO","CAS","Casanare","Department"
"CO","CAU","Cauca","Department"
"CO","CES","Cesar","Department"
"CO","CHO","Chocó","Department"
"CO","COR","Córdoba","Department"
"CO","CUN","Cundinamarca","Department"
"CO","DC","Distrito Capital de Bogotá","Capital district"
"CO","GUA","Guainía","Department"
"CO","GUV","Guaviare","Department"
"CO","HUI","Huila","Department"
"CO","LAG","La Guajira","Department"
"CO","MAG","Magdalena","Department"
"CO","MET","Meta","Department"
"CO","NAR","Nariño","Department"
"CO","NSA","Norte de Santander","Department"
"CO","PUT","Putumayo","Department"
"CO","QUI","Quindío","Department"
"CO","RIS","Risaralda","Department"
"CO","SAN","Santander","Department"
"CO","SAP","San Andrés, Providencia y Santa Catalina","Department"
"CO","SUC","Sucre","Department"
"CO","TOL","Tolima","Department"
"CO","VAC","Valle del Cauca","Department"
"CO","VAU","Vaupés","Department"
"CO","VID","Vichada","Department"
