"CZ","10","Praha, Hlavní mesto","Region"
"CZ","20","Stredoceský kraj","Region"
"CZ","31","Jihoceský kraj","Region"
"CZ","32","Plzenský kraj","Region"
"CZ","41","Karlovarský kraj","Region"
"CZ","42","Ústecký kraj","Region"
"CZ","51","Liberecký kraj","Region"
"CZ","52","Královéhradecký kraj","Region"
"CZ","53","Pardubický kraj","Region"
"CZ","63","Kraj Vysocina","Region"
"CZ","64","Jihomoravský kraj","Region"
"CZ","71","Olomoucký kraj","Region"
"CZ","72","Zlínský kraj","Region"
"CZ","80","Moravskoslezský kraj","Region"
