"ET","AA","Adis Abeba","Administration"
"ET","AF","Afar","Regional State"
"ET","AM","Amara","Regional State"
"ET","BE","Binshangul Gumuz","Regional State"
"ET","DD","Dire Dawa","Administration"
"ET","GA","Gambela Hizboch","Regional State"
"ET","HA","Hareri Hizb","Regional State"
"ET","OR","Oromiya","Regional State"
"ET","SI","Sidama","Regional State"
"ET","SN","YeDebub Biheroch Bihereseboch na Hizboch","Regional State"
"ET","SO","Sumale","Regional State"
"ET","SW","YeDebub Mirab Ityopiya Hizboch","Regional State"
"ET","TI","Tigray","Regional State"
