"GB","ABC","	Armagh City, Banbridge and Craigavon","district"
"GB","ABD","Aberdeenshire","Council area"
"GB","ABE","Aberdeen City","Council area"
"GB","AGB","Argyll and Bute","Council area"
"GB","AGY","Isle of Anglesey [Sir Ynys Môn GB-YNM]","Unitary authority"
"GB","AND","Ards and North Down","district"
"GB","ANN","Antrim and Newtownabbey","district"
"GB","ANS","Angus","Council area"
"GB","BAS","Bath and North East Somerset","Unitary authority"
"GB","BBD","Blackburn with Darwen","Unitary authority"
"GB","BCP","Bournemouth, Christchurch and Poole","unitary authority"
"GB","BDF","Bedford","Council area"
"GB","BDG","Barking and Dagenham","London borough"
"GB","BEN","Brent","Council area"
"GB","BEX","Bexley","Council area"
"GB","BFS","Belfast City","District"
"GB","BGE","Bridgend [Pen-y-bont ar Ogwr GB-POG]","Unitary authority"
"GB","BGW","Blaenau Gwent","Unitary authority"
"GB","BIR","Birmingham","Council area"
"GB","BKM","Buckinghamshire","Unitary Authority"
"GB","BNE","Barnet","Council area"
"GB","BNH","Brighton and Hove","Unitary authority"
"GB","BNS","Barnsley","Council area"
"GB","BOL","Bolton","Council area"
"GB","BPL","Blackpool","Unitary authority"
"GB","BRC","Bracknell Forest","Unitary authority"
"GB","BRD","Bradford","Council area"
"GB","BRY","Bromley","Council area"
"GB","BST","Bristol, City of","Unitary authority"
"GB","BUR","Bury","Council area"
"GB","CAM","Cambridgeshire","County"
"GB","CAY","Caerphilly [Caerffili GB-CAF]","Unitary authority"
"GB","CBF","Central Bedfordshire","Unitary authority"
"GB","CCG","Causeway Coast and Glens","district"
"GB","CGN","Ceredigion [Sir Ceredigion]","Unitary authority"
"GB","CHE","Cheshire East","Unitary authority"
"GB","CHW","Cheshire West and Chester","Unitary authority"
"GB","CLD","Calderdale","Council area"
"GB","CLK","Clackmannanshire","Council area"
"GB","CMA","Cumbria","County"
"GB","CMD","Camden","Council area"
"GB","CMN","Carmarthenshire [Sir Gaerfyrddin GB-GFY]","Unitary authority"
"GB","CON","Cornwall","Unitary authority"
"GB","COV","Coventry","Council area"
"GB","CRF","Cardiff [Caerdydd GB-CRD]","Unitary authority"
"GB","CRY","Croydon","Council area"
"GB","CWY","Conwy","Unitary authority"
"GB","DAL","Darlington","Unitary authority"
"GB","DBY","Derbyshire","County"
"GB","DEN","Denbighshire [Sir Ddinbych GB-DDB]","Unitary authority"
"GB","DER","Derby","Unitary authority"
"GB","DEV","Devon","County"
"GB","DGY","Dumfries and Galloway","Council area"
"GB","DNC","Doncaster","Council area"
"GB","DND","Dundee City","Council area"
"GB","DOR","Dorset","County"
"GB","DRS","	Derry and Strabane","district"
"GB","DUD","Dudley","Council area"
"GB","DUR","	Durham, County","Unitary authority"
"GB","EAL","Ealing","Council area"
"GB","EAY","East Ayrshire","Council area"
"GB","EDH","Edinburgh, City of","Council area"
"GB","EDU","East Dunbartonshire","Council area"
"GB","ELN","East Lothian","Council area"
"GB","ELS","Eilean Siar","Council area"
"GB","ENF","Enfield","Council area"
"GB","ERW","East Renfrewshire","Council area"
"GB","ERY","East Riding of Yorkshire","Unitary authority"
"GB","ESS","Essex","County"
"GB","ESX","East Sussex","County"
"GB","FAL","Falkirk","Council area"
"GB","FIF","Fife","Council area"
"GB","FLN","Flintshire [Sir y Fflint GB-FFL]","Unitary authority"
"GB","FMO","	Fermanagh and Omagh","district"
"GB","GAT","Gateshead","Council area"
"GB","GLG","Glasgow City","Council area"
"GB","GLS","Gloucestershire","County"
"GB","GRE","Greenwich","Council area"
"GB","GWN","Gwynedd","Unitary authority"
"GB","HAL","Halton","Unitary authority"
"GB","HAM","Hampshire","County"
"GB","HAV","Havering","Council area"
"GB","HCK","Hackney","Council area"
"GB","HEF","Herefordshire","Unitary authority"
"GB","HIL","Hillingdon","Council area"
"GB","HLD","Highland","Council area"
"GB","HMF","Hammersmith and Fulham","Council area"
"GB","HNS","Hounslow","Council area"
"GB","HPL","Hartlepool","Unitary authority"
"GB","HRT","Hertfordshire","County"
"GB","HRW","Harrow","Council area"
"GB","HRY","Haringey","Council area"
"GB","IOS","Isles of Scilly","Unitary authority"
"GB","IOW","Isle of Wight","Unitary authority"
"GB","ISL","Islington","Council area"
"GB","IVC","Inverclyde","Council area"
"GB","KEC","Kensington and Chelsea","Council area"
"GB","KEN","Kent","County"
"GB","KHL","Kingston upon Hull","Unitary authority"
"GB","KIR","Kirklees","Council area"
"GB","KTT","Kingston upon Thames","Council area"
"GB","KWL","Knowsley","Council area"
"GB","LAN","Lancashire","County"
"GB","LBC","Lisburn and Castlereagh","district"
"GB","LBH","Lambeth","Council area"
"GB","LCE","Leicester","Unitary authority"
"GB","LDS","Leeds","Council area"
"GB","LEC","Leicestershire","County"
"GB","LEW","Lewisham","Council area"
"GB","LIN","Lincolnshire","County"
"GB","LIV","Liverpool","Council area"
"GB","LND","London, City of","City Corporation"
"GB","LUT","Luton","Unitary authority"
"GB","MAN","Manchester","Council area"
"GB","MDB","Middlesbrough","Unitary authority"
"GB","MDW","Medway","Unitary authority"
"GB","MEA","Mid and East Antrim","district"
"GB","MIK","Milton Keynes","Unitary authority"
"GB","MLN","Midlothian","Council area"
"GB","MON","Monmouthshire [Sir Fynwy GB-FYN]","Unitary authority"
"GB","MRT","Merton","Council area"
"GB","MRY","Moray","Council area"
"GB","MTY","Merthyr Tydfil [Merthyr Tudful GB-MTU]","Unitary authority"
"GB","MUL","Mid-Ulster","district"
"GB","NAY","North Ayrshire","Council area"
"GB","NBL","Northumberland","Unitary authority"
"GB","NEL","North East Lincolnshire","Unitary authority"
"GB","NET","Newcastle upon Tyne","Council area"
"GB","NFK","Norfolk","County"
"GB","NGM","Nottingham","Unitary authority"
"GB","NLK","North Lanarkshire","Council area"
"GB","NLN","North Lincolnshire","Unitary authority"
"GB","NMD","Newry, Mourne and Down","district"
"GB","NNH","North Northamptonshire","unitary authority"
"GB","NSM","North Somerset","Unitary authority"
"GB","NTL","Neath Port Talbot [Castell-nedd Port Talbot GB-CTL]","Unitary authority"
"GB","NTT","Nottinghamshire","County"
"GB","NTY","North Tyneside","Council area"
"GB","NWM","Newham","Council area"
"GB","NWP","Newport [Casnewydd GB-CNW]","Unitary authority"
"GB","NYK","North Yorkshire","County"
"GB","OLD","Oldham","Council area"
"GB","ORK","Orkney Islands","Council area"
"GB","OXF","Oxfordshire","County"
"GB","PEM","Pembrokeshire [Sir Benfro GB-BNF]","Unitary authority"
"GB","PKN","Perth and Kinross","Council area"
"GB","PLY","Plymouth","Unitary authority"
"GB","POR","Portsmouth","Unitary authority"
"GB","POW","Powys","Unitary authority"
"GB","PTE","Peterborough","Unitary authority"
"GB","RCC","Redcar and Cleveland","Unitary authority"
"GB","RCH","Rochdale","Council area"
"GB","RCT","Rhondda Cynon Taff [Rhondda CynonTaf]","Unitary authority"
"GB","RDB","Redbridge","Council area"
"GB","RDG","Reading","Unitary authority"
"GB","RFW","Renfrewshire","Council area"
"GB","RIC","Richmond upon Thames","Council area"
"GB","ROT","Rotherham","Council area"
"GB","RUT","Rutland","Unitary authority"
"GB","SAW","Sandwell","Council area"
"GB","SAY","South Ayrshire","Council area"
"GB","SCB","Scottish Borders","Council area"
"GB","SFK","Suffolk","County"
"GB","SFT","Sefton","Council area"
"GB","SGC","South Gloucestershire","Unitary authority"
"GB","SHF","Sheffield","Council area"
"GB","SHN","St. Helens","Council area"
"GB","SHR","Shropshire","Unitary authority"
"GB","SKP","Stockport","Council area"
"GB","SLF","Salford","Council area"
"GB","SLG","Slough","Unitary authority"
"GB","SLK","South Lanarkshire","Council area"
"GB","SND","Sunderland","Council area"
"GB","SOL","Solihull","Council area"
"GB","SOM","Somerset","County"
"GB","SOS","Southend-on-Sea","Unitary authority"
"GB","SRY","Surrey","County"
"GB","STE","Stoke-on-Trent","Unitary authority"
"GB","STG","Stirling","Council area"
"GB","STH","Southampton","Unitary authority"
"GB","STN","Sutton","Council area"
"GB","STS","Staffordshire","County"
"GB","STT","Stockton-on-Tees","Unitary authority"
"GB","STY","South Tyneside","Council area"
"GB","SWA","Swansea [Abertawe GB-ATA]","Unitary authority"
"GB","SWD","Swindon","Unitary authority"
"GB","SWK","Southwark","Council area"
"GB","TAM","Tameside","Council area"
"GB","TFW","Telford and Wrekin","Unitary authority"
"GB","THR","Thurrock","Unitary authority"
"GB","TOB","Torbay","Unitary authority"
"GB","TOF","Torfaen [Tor-faen]","Unitary authority"
"GB","TRF","Trafford","Council area"
"GB","TWH","Tower Hamlets","Council area"
"GB","VGL","Vale of Glamorgan, The [Bro Morgannwg GB-BMG]","Unitary authority"
"GB","WAR","Warwickshire","County"
"GB","WBK","West Berkshire","Unitary authority"
"GB","WDU","West Dunbartonshire","Council area"
"GB","WFT","Waltham Forest","Council area"
"GB","WGN","Wigan","Council area"
"GB","WIL","Wiltshire","Unitary authority"
"GB","WKF","Wakefield","Council area"
"GB","WLL","Walsall","Council area"
"GB","WLN","West Lothian","Council area"
"GB","WLV","Wolverhampton","Council area"
"GB","WND","Wandsworth","Council area"
"GB","WNH","West Northamptonshire","unitary authority"
"GB","WNM","Windsor and Maidenhead","Unitary authority"
"GB","WOK","Wokingham","Unitary authority"
"GB","WOR","Worcestershire","County"
"GB","WRL","Wirral","Council area"
"GB","WRT","Warrington","Unitary authority"
"GB","WRX","Wrexham [Wrecsam GB-WRC]","Unitary authority"
"GB","WSM","Westminster","Council area"
"GB","WSX","West Sussex","County"
"GB","YOR","York","Unitary authority"
"GB","ZET","Shetland Islands","Council area"
