"GR","A","Anatolikí Makedonía kai Thráki","Administrative region"
"GR","B","Kentrikí Makedonía","Administrative region"
"GR","C","Dytiki Makedonia","Administrative region"
"GR","D","Ípeiros","Administrative region"
"GR","E"," Thessalía","Administrative region"
"GR","F","Ionía Nísia","Administrative region"
"GR","G","Dytikí Elláda","Administrative region"
"GR","H","Stereá Elláda","Administrative region"
"GR","I","Attikí","Administrative region"
"GR","J","Pelopónnisos","Administrative region"
"GR","K","Vóreio Aigaío","Administrative region"
"GR","L","Nótio Aigaío","Administrative region"
"GR","M","Kríti","Administrative region"
