"HR","01","Zagrebacka upanija","County"
"HR","02","Krapinsko-zagorska upanija","County"
"HR","03","Sisacko-moslavacka upanija","County"
"HR","04","Karlovacka upanija","County"
"HR","05","Varadinska upanija","County"
"HR","06","Koprivnicko-krievacka upanija","County"
"HR","07","Bjelovarsko-bilogorska upanija","County"
"HR","08","Primorsko-goranska upanija","County"
"HR","09","Licko-senjska upanija","County"
"HR","10","Viroviticko-podravska upanija","County"
"HR","11","Poeko-slavonska upanija","County"
"HR","12","Brodsko-posavska upanija","County"
"HR","13","Zadarska upanija","County"
"HR","14","Osjecko-baranjska upanija","County"
"HR","15","ibensko-kninska upanija","County"
"HR","16","Vukovarsko-srijemska upanija","County"
"HR","17","Splitsko-dalmatinska upanija","County"
"HR","18","Istarska upanija","County"
"HR","19","Dubrovacko-neretvanska upanija","County"
"HR","20","Medimurska upanija","County"
"HR","21","Grad Zagreb","City"
