"HU","BA","Baranya","County"
"HU","BC","Békéscsaba","City with county rights"
"HU","BE","Békés","County"
"HU","BK","Bács-Kiskun","County"
"HU","BU","Budapest","Capital City"
"HU","BZ","Borsod-Abaúj-Zemplén","County"
"HU","CS","Csongrád-Csanád","County"
"HU","DE","Debrecen","City with county rights"
"HU","DU","Dunaújváros","City with county rights"
"HU","EG","Eger","City with county rights"
"HU","ER","Érd","City with county rights"
"HU","FE","Fejér","County"
"HU","GS","Gyor-Moson-Sopron","County"
"HU","GY","Gyor","City with county rights"
"HU","HB","Hajdú-Bihar","County"
"HU","HE","Heves","County"
"HU","HV","Hódmezovásárhely","City with county rights"
"HU","JN","Jász-Nagykun-Szolnok","County"
"HU","KE","Komárom-Esztergom","County"
"HU","KM","Kecskemét","City with county rights"
"HU","KV","Kaposvár","City with county rights"
"HU","MI","Miskolc","City with county rights"
"HU","NK","Nagykanizsa","City with county rights"
"HU","NO","Nógrád","County"
"HU","NY","Nyíregyháza","City with county rights"
"HU","PE","Pest","County"
"HU","PS","Pécs","City with county rights"
"HU","SD","Szeged","City with county rights"
"HU","SF","Székesfehérvár","City with county rights"
"HU","SH","Szombathely","City with county rights"
"HU","SK","Szolnok","City with county rights"
"HU","SN","Sopron","City with county rights"
"HU","SO","Somogy","County"
"HU","SS","Szekszárd","City with county rights"
"HU","ST","Salgótarján","City with county rights"
"HU","SZ","Szabolcs-Szatmár-Bereg","County"
"HU","TB","Tatabánya","City with county rights"
"HU","TO","Tolna","County"
"HU","VA","Vas","County"
"HU","VE","Veszprém","County"
"HU","VM","Veszprém","City with county rights"
"HU","ZA","Zala","County"
"HU","ZE","Zalaegerszeg","City with county rights"
