"IR","00","Markazi","Province"
"IR","01","Gilan","Province"
"IR","02","Mazandaran","Province"
"IR","03","AZarbayjan-e Sharqi","Province"
"IR","04","AZarbayjan-e Gharbi","Province"
"IR","05","Kermanshah","Province"
"IR","06","Khuzestan","Province"
"IR","07","Fars","Province"
"IR","08","Kerman","Province"
"IR","09","	Khorasan-e Ra?avi","Province"
"IR","10","Esfahan","Province"
"IR","11","Sistan va Baluchestan","Province"
"IR","12","Kordestan","Province"
"IR","13","Hamadan","Province"
"IR","14","Chahar Ma?al va Bakhtiari","Province"
"IR","15","Lorestan","Province"
"IR","16","Ilam","Province"
"IR","17","Kohgiluyeh va Bowyer A?mad","Province"
"IR","18","Bushehr","Province"
"IR","19","Zanjan","Province"
"IR","20","Semnan","Province"
"IR","21","Yazd","Province"
"IR","22","Hormozgan","Province"
"IR","23","Tehran","Province"
"IR","24","Ardabil","Province"
"IR","25","Qom","Province"
"IR","26","Qazvin","Province"
"IR","27","Golestan","Province"
"IR","28","Khorasan-e Shomali","Province"
"IR","29","Khorasan-e Jonubi","Province"
"IR","30","Alborz","Province"
