"IT","23","Valle d'Aosta / Vallée d'Aoste (fr)","autonomous region"
"IT","AG","Agrigento","Free Communal Consortia"
"IT","AL","Alessandria","Province"
"IT","AN","Ancona","Province"
"IT","AP","Ascoli Piceno","Province"
"IT","AQ","L'Aquila","Province"
"IT","AR","Arezzo","Province"
"IT","AT","Asti","Province"
"IT","AV","Avellino","Province"
"IT","BA","Bari","Metropolitan City"
"IT","BG","Bergamo","Province"
"IT","BI","Biella","Province"
"IT","BL","Belluno","Province"
"IT","BN","Benevento","Province"
"IT","BO","Bologna","Metropolitan City"
"IT","BR","Brindisi","Province"
"IT","BS","Brescia","Province"
"IT","BT","Barletta-Andria-Trani","Province"
"IT","BZ","Bolzano / Bozen (de)","autonomous province"
"IT","CA","Cagliari","Metropolitan City"
"IT","CB","Campobasso","Province"
"IT","CE","Caserta","Province"
"IT","CH","Chieti","Province"
"IT","CL","Caltanissetta","Province"
"IT","CN","Cuneo","Province"
"IT","CO","Como","Province"
"IT","CR","Cremona","Province"
"IT","CS","Cosenza","Province"
"IT","CT","Catania","Metropolitan City"
"IT","CZ","Catanzaro","Province"
"IT","EN","Enna","Free Communal Consortia"
"IT","FC","Forlì-Cesena","Province"
"IT","FE","Ferrara","Province"
"IT","FG","Foggia","Province"
"IT","FI","Firenze","Metropolitan City"
"IT","FM","Fermo","Province"
"IT","FR","Frosinone","Province"
"IT","GE","Genova","Metropolitan City"
"IT","GO","Gorizia","Decentralized regional entity"
"IT","GR","Grosseto","Province"
"IT","IM","Imperia","Province"
"IT","IS","Isernia","Province"
"IT","KR","Crotone","Province"
"IT","LC","Lecco","Province"
"IT","LE","Lecce","Province"
"IT","LI","Livorno","Province"
"IT","LO","Lodi","Province"
"IT","LT","Latina","Province"
"IT","LU","Lucca","Province"
"IT","MB","Monza e Brianza","Province"
"IT","MC","Macerata","Province"
"IT","ME","Messina","Metropolitan City"
"IT","MI","Milano","Metropolitan City"
"IT","MN","Mantova","Province"
"IT","MO","Modena","Province"
"IT","MS","Massa-Carrara","Province"
"IT","MT","Matera","Province"
"IT","NA","Napoli","Metropolitan City"
"IT","NO","Novara","Province"
"IT","NU","Nuoro","Province"
"IT","OR","Oristano","Province"
"IT","PA","Palermo","Metropolitan City"
"IT","PC","Piacenza","Province"
"IT","PD","Padova","Province"
"IT","PE","Pescara","Province"
"IT","PG","Perugia","Province"
"IT","PI","Pisa","Province"
"IT","PN","Pordenone","Decentralized regional"
"IT","PO","Prato","Province"
"IT","PR","Parma","Province"
"IT","PT","Pistoia","Province"
"IT","PU","Pesaro e Urbino","Province"
"IT","PV","Pavia","Province"
"IT","PZ","Potenza","Province"
"IT","RA","Ravenna","Province"
"IT","RC","Reggio Calabria","Metropolitan City"
"IT","RE","Reggio Emilia","Province"
"IT","RG","Ragusa","Free Communal Consortia"
"IT","RI","Rieti","Province"
"IT","RM","Roma","Metropolitan City"
"IT","RN","Rimini","Province"
"IT","RO","Rovigo","Province"
"IT","SA","Salerno","Province"
"IT","SI","Siena","Province"
"IT","SO","Sondrio","Province"
"IT","SP","La Spezia","Province"
"IT","SR","Siracusa","Free Communal Consortia"
"IT","SS","Sassari","Province"
"IT","SU","Sud Sardegna","Province"
"IT","SV","Savona","Province"
"IT","TA","Taranto","Province"
"IT","TE","Teramo","Province"
"IT","TN","Trento","autonomous province"
"IT","TO","Torino","Metropolitan City"
"IT","TP","Trapani","Free Communal Consortia"
"IT","TR","Terni","Province"
"IT","TS","Trieste","Decentralized regional"
"IT","TV","Treviso","Province"
"IT","UD","Udine","Decentralized regional"
"IT","VA","Varese","Province"
"IT","VB","Verbano-Cusio-Ossola","Province"
"IT","VC","Vercelli","Province"
"IT","VE","Venezia","Metropolitan City"
"IT","VI","Vicenza","Province"
"IT","VR","Verona","Province"
"IT","VT","Viterbo","Province"
"IT","VV","Vibo Valentia","Province"
