"KZ","10","Abay oblysy","Region"
"KZ","11","Aqmola oblysy","Region"
"KZ","15","Aqtöbe oblysy","Region"
"KZ","19","Almaty oblysy","Region"
"KZ","23","Atyrau oblysy","Region"
"KZ","27","Batys Qazaqstan oblysy","Region"
"KZ","31","Zhambyl oblysy","Region"
"KZ","33","Zhetisu oblysy","Region"
"KZ","35","Qaraghandy oblysy","Region"
"KZ","39","Qostanay oblysy","Region"
"KZ","43","Qyzylorda oblysy","Region"
"KZ","47","Mangghystau oblysy","Region"
"KZ","55","Pavlodar oblysy","Region"
"KZ","59","Soltüstik Qazaqstan oblysy","Region"
"KZ","61","Türkistan oblysy","Region"
"KZ","62","Ulytau oblysy","Region"
"KZ","63","Shyghys Qazaqstan oblysy","Region"
"KZ","71","Nur-Sultan","City"
"KZ","75","Almaty","City"
"KZ","79","imkent","City"
