"LK","1","Basnahira pa?ata","Province"
"LK","11","Colombo","District"
"LK","12","Gampaha","District"
"LK","13","Kalutara","District"
"LK","2","Madhyama pa?ata","Province"
"LK","21","Kandy","District"
"LK","22","Matale","District"
"LK","23","Nuwara Eliya","District"
"LK","3","Daku?u pa?ata","Province"
"LK","31","Galle","District"
"LK","32","Matara","District"
"LK","33","Hambantota","District"
"LK","4","Uturu pa?ata","Province"
"LK","41","Jaffna","District"
"LK","42","Kilinochchi","District"
"LK","43","Mannar","District"
"LK","44","Vavuniya","District"
"LK","45","Mullaittivu","District"
"LK","5","Næ?genahira pa?ata","Province"
"LK","51","Batticaloa","District"
"LK","52","Ampara","District"
"LK","53","Trincomalee","District"
"LK","6","Vayamba pa?ata","Province"
"LK","61","Kurunegala","District"
"LK","62","Puttalam","District"
"LK","7","Uturumæ?da pa?ata","Province"
"LK","71","Anuradhapura","District"
"LK","72","Polonnaruwa","District"
"LK","8","Uva pa?ata","Province"
"LK","81","Badulla","District"
"LK","82","Monaragala","District"
"LK","9","Sabaragamuva pa?ata","Province"
"LK","91","Ratnapura","District"
"LK","92","Kegalla","District"
