"MC","CL","La Colle","Quarter"
"MC","CO","La Condamine","Quarter"
"MC","FO","Fontvieille","Quarter"
"MC","GA","La Gare","Quarter"
"MC","JE","Jardin Exotique","Quarter"
"MC","LA","Larvotto","Quarter"
"MC","MA","Malbousquet","Quarter"
"MC","MC","Monte-Carlo","Quarter"
"MC","MG","Moneghetti","Quarter"
"MC","MO","Monaco-Ville","Quarter"
"MC","MU","Moulins","Quarter"
"MC","PH","Port-Hercule","Quarter"
"MC","SD","Sainte-Dévote","Quarter"
"MC","SO","La Source","Quarter"
"MC","SP","Spélugues","Quarter"
"MC","SR","Saint-Roman","Quarter"
"MC","VR","Vallon de la Rousse","Quarter"
