"MN","035","Orhon","Province"
"MN","037","Darhan uul","Province"
"MN","039","Hentiy","Province"
"MN","041","Hövagöl","Province"
"MN","043","Hovd","Province"
"MN","046","Uvs","Province"
"MN","047","Töv","Province"
"MN","049","Selenge","Province"
"MN","051","Sühbaatar","Province"
"MN","053","Ömnögovi","Province"
"MN","055","Övörhangay","Province"
"MN","057","Dzavhan","Province"
"MN","059","Dundgovi","Province"
"MN","061","Dornod","Province"
"MN","063","Dornogovi","Province"
"MN","064","Govi-Sümber","Province"
"MN","065","Govi-Altay","Province"
"MN","067","Bulgan","Province"
"MN","069","Bayanhongor","Province"
"MN","071","Bayan-Ölgiy","Province"
"MN","073","Arhangay","Province"
"MN","1","Ulaanbaatar","Capital city"
