"MW","BA","Balaka","District"
"MW","BL","Blantyre","District"
"MW","C","Central","Region"
"MW","CK","Chikwawa","District"
"MW","CR","Chiradzulu","District"
"MW","CT","Chitipa","District"
"MW","DE","Dedza","District"
"MW","DO","Dowa","District"
"MW","KR","Karonga","District"
"MW","KS","Kasungu","District"
"MW","LI","Lilongwe","District"
"MW","LK","Likoma","District"
"MW","MC","Mchinji","District"
"MW","MG","Mangochi","District"
"MW","MH","Machinga","District"
"MW","MU","Mulanje","District"
"MW","MW","Mwanza","District"
"MW","MZ","Mzimba","District"
"MW","N","Northern","Region"
"MW","NB","Nkhata Bay","District"
"MW","NE","Neno","District"
"MW","NI","Ntchisi","District"
"MW","NK","Nkhotakota","District"
"MW","NS","Nsanje","District"
"MW","NU","Ntcheu","District"
"MW","PH","Phalombe","District"
"MW","RU","Rumphi","District"
"MW","S","Southern","Region"
"MW","SA","Salima","District"
"MW","TH","Thyolo","District"
"MW","ZO","Zomba","District"
