"NO","03","Oslo","County"
"NO","11","Rogaland","County"
"NO","15","Møre og Romsdal","County"
"NO","18","Nordland","County"
"NO","21","Svalbard (Arctic Region) (See
also country code SJ)","Arctic region"
"NO","22","Jan Mayen (Arctic Region) (See
also country code SJ)","Arctic region"
"NO","30","Viken","County"
"NO","34","Innlandet","County"
"NO","38","Vestfold og Telemark","County"
"NO","42","Agder","County"
"NO","46","Vestland","County"
"NO","50","Trøndelag","County"
"NO","54","Troms og Finnmark","County"
