"PS","BTH","Bethlehem","Governorate"
"PS","DEB","Deir El Balah","Governorate"
"PS","GZA","Gaza","Governorate"
"PS","HBN","Hebron","Governorate"
"PS","JEM","Jerusalem","Governorate"
"PS","JRH","	Jericho and Al Aghwar","Governorate"
"PS","KYS","Khan Yunis","Governorate"
"PS","NBS","Nablus","Governorate"
"PS","NGZ","North Gaza","Governorate"
"PS","QQA","Qalqilya","Governorate"
"PS","RBH","Ramallah","Governorate"
"PS","RFH","Rafah","Governorate"
"PS","SLT","Salfit","Governorate"
"PS","TBS","Tubas","Governorate"
"PS","TKM","Tulkarm","Governorate"
