"PY","1","Concepción","Department"
"PY","10","Alto Paraná","Department"
"PY","11","Central","Department"
"PY","12","Ñeembucú","Department"
"PY","13","Amambay","Department"
"PY","14","Canindeyú","Department"
"PY","15","Presidente Hayes","Department"
"PY","16","Alto Paraguay","Department"
"PY","19","Boquerón","Department"
"PY","2","San Pedro","Department"
"PY","3","Cordillera","Department"
"PY","4","Guairá","Department"
"PY","5","Caaguazú","Department"
"PY","6","Caazapá","Department"
"PY","7","Itapúa","Department"
"PY","8","Misiones","Department"
"PY","9","Paraguarí","Department"
"PY","ASU","Asunción","Capital"
