"SI","001","Ajdovcina","Municipality"
"SI","002","Beltinci","Municipality"
"SI","003","Bled","Municipality"
"SI","004","Bohinj","Municipality"
"SI","005","Borovnica","Municipality"
"SI","006","Bovec","Municipality"
"SI","007","Brda","Municipality"
"SI","008","Brezovica","Municipality"
"SI","009","Breice","Municipality"
"SI","010","Tiina","Municipality"
"SI","011","Celje","Urban Municipality"
"SI","012","Cerklje na Gorenjskem","Municipality"
"SI","013","Cerknica","Municipality"
"SI","014","Cerkno","Municipality"
"SI","015","Crenovci","Municipality"
"SI","016","Crna na Korokem","Municipality"
"SI","017","Crnomelj","Municipality"
"SI","018","Destrnik","Municipality"
"SI","019","Divaca","Municipality"
"SI","020","Dobrepolje","Municipality"
"SI","021","Dobrova-Polhov Gradec","Municipality"
"SI","022","Dol pri Ljubljani","Municipality"
"SI","023","Domale","Municipality"
"SI","024","Dornava","Municipality"
"SI","025","Dravograd","Municipality"
"SI","026","Duplek","Municipality"
"SI","027","Gorenja vas-Poljane","Municipality"
"SI","028","Gorinica","Municipality"
"SI","029","Gornja Radgona","Municipality"
"SI","030","Gornji Grad","Municipality"
"SI","031","Gornji Petrovci","Municipality"
"SI","032","Grosuplje","Municipality"
"SI","033","alovci","Municipality"
"SI","034","Hrastnik","Municipality"
"SI","035","Hrpelje-Kozina","Municipality"
"SI","036","Idrija","Municipality"
"SI","037","Ig","Municipality"
"SI","038","Ilirska Bistrica","Municipality"
"SI","039","Ivancna Gorica","Municipality"
"SI","040","Izola","Municipality"
"SI","041","Jesenice","Municipality"
"SI","042","Jurinci","Municipality"
"SI","043","Kamnik","Municipality"
"SI","044","Kanal ob Soci","Municipality"
"SI","045","Kidricevo","Municipality"
"SI","046","Kobarid","Municipality"
"SI","047","Kobilje","Municipality"
"SI","048","Kocevje","Municipality"
"SI","049","Komen","Municipality"
"SI","050","Koper","Urban Municipality"
"SI","051","Kozje","Municipality"
"SI","052","Kranj","Urban Municipality"
"SI","053","Kranjska Gora","Municipality"
"SI","054","Krko","Urban Municipality"
"SI","055","Kungota","Municipality"
"SI","056","Kuzma","Municipality"
"SI","057","Lako","Municipality"
"SI","058","Lenart","Municipality"
"SI","059","Lendava","Municipality"
"SI","060","Litija","Municipality"
"SI","061","Ljubljana","Urban Municipality"
"SI","062","Ljubno","Municipality"
"SI","063","Ljutomer","Municipality"
"SI","064","Logatec","Municipality"
"SI","065","Loka dolina","Municipality"
"SI","066","Loki Potok","Municipality"
"SI","067","Luce","Municipality"
"SI","068","Lukovica","Municipality"
"SI","069","Majperk","Municipality"
"SI","070","Maribor","Urban Municipality"
"SI","071","Medvode","Municipality"
"SI","072","Menge","Municipality"
"SI","073","Metlika","Municipality"
"SI","074","Meica","Municipality"
"SI","075","Miren-Kostanjevica","Municipality"
"SI","076","Mislinja","Municipality"
"SI","077","Moravce","Municipality"
"SI","078","Moravske Toplice","Municipality"
"SI","079","Mozirje","Municipality"
"SI","080","Murska Sobota","Urban Municipality"
"SI","081","Muta","Municipality"
"SI","082","Naklo","Municipality"
"SI","083","Nazarje","Municipality"
"SI","084","Nova Gorica","Urban Municipality"
"SI","085","Novo mesto","Urban Municipality"
"SI","086","Odranci","Municipality"
"SI","087","Ormo","Municipality"
"SI","088","Osilnica","Municipality"
"SI","089","Pesnica","Municipality"
"SI","090","Piran","Municipality"
"SI","091","Pivka","Municipality"
"SI","092","Podcetrtek","Municipality"
"SI","093","Podvelka","Municipality"
"SI","094","Postojna","Municipality"
"SI","095","Preddvor","Municipality"
"SI","096","Ptuj","Urban Municipality"
"SI","097","Puconci","Municipality"
"SI","098","Race-Fram","Municipality"
"SI","099","Radece","Municipality"
"SI","100","Radenci","Municipality"
"SI","101","Radlje ob Dravi","Municipality"
"SI","102","Radovljica","Municipality"
"SI","103","Ravne na Korokem","Municipality"
"SI","104","Ribnica","Municipality"
"SI","105","Rogaovci","Municipality"
"SI","106","Rogaka Slatina","Municipality"
"SI","107","Rogatec","Municipality"
"SI","108","Rue","Municipality"
"SI","109","Semic","Municipality"
"SI","110","Sevnica","Municipality"
"SI","111","Seana","Municipality"
"SI","112","Slovenj Gradec","Urban Municipality"
"SI","113","Slovenska Bistrica","Municipality"
"SI","114","Slovenske Konjice","Municipality"
"SI","115","Stare","Municipality"
"SI","116","Sveti Jurij ob cavnic","Municipality"
"SI","117","encur","Municipality"
"SI","118","entilj","Municipality"
"SI","119","entjernej","Municipality"
"SI","120","entjur","Municipality"
"SI","121","kocjan","Municipality"
"SI","122","kofja Loka","Municipality"
"SI","123","kofljica","Municipality"
"SI","124","marje pri Jelah","Municipality"
"SI","125","martno ob Paki","Municipality"
"SI","126","otanj","Municipality"
"SI","127","tore","Municipality"
"SI","128","Tolmin","Municipality"
"SI","129","Trbovlje","Municipality"
"SI","130","Trebnje","Municipality"
"SI","131","Tric","Municipality"
"SI","132","Turnice","Municipality"
"SI","133","Velenje","Urban Municipality"
"SI","134","Velike Lace","Municipality"
"SI","135","Videm","Municipality"
"SI","136","Vipava","Municipality"
"SI","137","Vitanje","Municipality"
"SI","138","Vodice","Municipality"
"SI","139","Vojnik","Municipality"
"SI","140","Vrhnika","Municipality"
"SI","141","Vuzenica","Municipality"
"SI","142","Zagorje ob Savi","Municipality"
"SI","143","Zavrc","Municipality"
"SI","144","Zrece","Municipality"
"SI","146","elezniki","Municipality"
"SI","147","iri","Municipality"
"SI","148","Benedikt","Municipality"
"SI","149","Bistrica ob Sotli","Municipality"
"SI","150","Bloke","Municipality"
"SI","151","Braslovce","Municipality"
"SI","152","Cankova","Municipality"
"SI","153","Cerkvenjak","Municipality"
"SI","154","Dobje","Municipality"
"SI","155","Dobrna","Municipality"
"SI","156","Dobrovnik","Municipality"
"SI","157","Dolenjske Toplice","Municipality"
"SI","158","Grad","Municipality"
"SI","159","Hajdina","Municipality"
"SI","160","Hoce-Slivnica","Municipality"
"SI","161","Hodo","Municipality"
"SI","162","Horjul","Municipality"
"SI","163","Jezersko","Municipality"
"SI","164","Komenda","Municipality"
"SI","165","Kostel","Municipality"
"SI","166","Krievci","Municipality"
"SI","167","Lovrenc na Pohorju","Municipality"
"SI","168","Markovci","Municipality"
"SI","169","Miklav na Dravskem polju","Municipality"
"SI","170","Mirna Pec","Municipality"
"SI","171","Oplotnica","Municipality"
"SI","172","Podlehnik","Municipality"
"SI","173","Polzela","Municipality"
"SI","174","Prebold","Municipality"
"SI","175","Prevalje","Municipality"
"SI","176","Razkrije","Municipality"
"SI","177","Ribnica na Pohorju","Municipality"
"SI","178","Selnica ob Dravi","Municipality"
"SI","179","Sodraica","Municipality"
"SI","180","Solcava","Municipality"
"SI","181","Sveta Ana","Municipality"
"SI","182","Sveti Andra v Slovenskih goricah","Municipality"
"SI","183","empeter-Vrtojba","Municipality"
"SI","184","Tabor","Municipality"
"SI","185","Trnovska vas","Municipality"
"SI","186","Trzin","Municipality"
"SI","187","Velika Polana","Municipality"
"SI","188","Verej","Municipality"
"SI","189","Vransko","Municipality"
"SI","190","alec","Municipality"
"SI","191","etale","Municipality"
"SI","192","irovnica","Municipality"
"SI","193","uemberk","Municipality"
"SI","194","martno pri Litiji","Municipality"
"SI","195","Apace","Municipality"
"SI","196","Cirkulane","Municipality"
"SI","197","Kostanjevica na Krki","Municipality"
"SI","198","Makole","Municipality"
"SI","199","Mokronog-Trebelno","Municipality"
"SI","200","Poljcane","Municipality"
"SI","201","Renèe-Vogrsko","Municipality"
"SI","202","Sredice ob Dravi","Municipality"
"SI","203","Straa","Municipality"
"SI","204","Sveta Trojica v Slovenskih
goricah","Municipality"
"SI","205","Sveti Toma","Municipality"
"SI","206","marjeke Toplice","Municipality"
"SI","207","Gorje","Municipality"
"SI","208","Log-Dragomer","Municipality"
"SI","209","Recica ob Savinji","Municipality"
"SI","210","Sveti Jurij v Slovenskih goricah","Municipality"
"SI","211","entrupert","Municipality"
"SI","212","Mirna","Municipality"
"SI","213","Ankaran","Municipality"
