"TD","BA","Batha","Province"
"TD","BG","Ba?r al Ghazal","Province"
"TD","BO","Burku","Province"
"TD","CB","Chari-Baguirmi","Province"
"TD","EE","Ennedi-Est","Province"
"TD","EO","Ennedi-Ouest","Province"
"TD","GR","Guéra","Province"
"TD","HL","Hadjer Lamis","Province"
"TD","KA","Kanem","Province"
"TD","LC","Lac","Province"
"TD","LO","Logone-Occidental","Province"
"TD","LR","Logone-Oriental","Province"
"TD","MA","Mandoul","Province"
"TD","MC","Moyen-Chari","Province"
"TD","ME","Mayo-Kebbi-Est","Province"
"TD","MO","Mayo-Kebbi-Ouest","Province"
"TD","ND","Ville de Ndjamena","Province"
"TD","OD","Ouaddaï","Province"
"TD","SA","Salamat","Province"
"TD","SI","Sila","Province"
"TD","TA","Tandjilé","Province"
"TD","TI","Tibasti","Province"
"TD","WF","Wadi Fira","Province"
