"TT","ARI","Arima","Borough"
"TT","CHA","Chaguanas","Borough"
"TT","CTT","Couva-Tabaquite-Talparo","Region"
"TT","DMN","Diego Martin","Region"
"TT","MRC","Mayaro-Rio Claro","region"
"TT","PED","Penal-Debe","Region"
"TT","POS","Port of Spain","City"
"TT","PRT","Princes Town","Region"
"TT","PTF","Point Fortin","Borough"
"TT","SFO","San Fernando","City"
"TT","SGE","Sangre Grande","Region"
"TT","SIP","Siparia","Region"
"TT","SJL","San Juan-Laventille","Region"
"TT","TOB","Tobago","ward"
"TT","TUP","Tunapuna-Piarco","Region"
