"UA","05","Vinnytska oblast","Region"
"UA","07","Volynska oblast","Region"
"UA","09","Luhanska oblast","Region"
"UA","12","Dnipropetrovska oblast","Region"
"UA","14","Donetska oblast","Region"
"UA","18","Zhytomyrska oblast","Region"
"UA","21","Zakarpatska oblast","Region"
"UA","23","Zaporizka oblast","Region"
"UA","26","Ivano-Frankivska oblast","Region"
"UA","30","Kyiv","City"
"UA","32","Kyivska oblast","Region"
"UA","35","Kirovohradska oblast","Region"
"UA","40","Sevastopol","City"
"UA","43","Avtonomna Respublika Krym","Republic"
"UA","46","Lvivska oblast","Region"
"UA","48","Mykolaivska oblast","Region"
"UA","51","Odeska oblast","Region"
"UA","53","Poltavska oblast","Region"
"UA","56","Rivnenska oblast","Region"
"UA","59","Sumska oblast","Region"
"UA","61","Ternopilska oblast","Region"
"UA","63","Kharkivska oblast","Region"
"UA","65","Khersonska oblast","Region"
"UA","68","Khmelnytska oblast","Region"
"UA","71","Cherkaska oblast","Region"
"UA","74","Chernihivska oblast","Region"
"UA","77","Chernivetska oblast","Region"
